[13:51:13][no_game_date][defines.cpp:270]: 4470 defines loaded
[13:51:37][no_game_date][gamestate.cpp:2844]: Loaded 13414 provinces.
[13:51:41][no_game_date][gameapplication.cpp:2968]: Resetting game
[13:51:42][1936.01.01.12][history.cpp:165]: Executing History from -1.1.1.1 to  2.1.1.1
[13:51:42][1936.01.01.12][history.cpp:165]: Executing History from 2.1.1.1 to  1936.1.1.12
[13:56:16][1936.01.01.12][frontend.cpp:682]: 

		[[ Launching SINGLEPLAYER-game ]]
	Start-date: 1936.1.1.12

[13:56:20][1936.01.01.12][ingameidler.cpp:5173]: Start RestoreDeviceObjects
[13:56:24][1936.01.01.12][ingameidler.cpp:5323]: End RestoreDeviceObjects
[13:56:24][1936.01.01.12][effectbase.cpp:1783]: Something went wrong with the Conflict Risk stuff
[13:56:24][1936.01.01.12][effectbase.cpp:1783]: CODEX_STATE_BEGIN|version=2|seq=706640|origin=1
[13:56:24][1936.01.01.12][effectbase.cpp:1783]: CODEX|date= 12:00, 1 1月, 1936|tag=GER|political_power=2.324|stability=0.81|war_support=0.35|manpower_k=1332.62|civilian_factories=35|military_factories=28|dockyards=10|research_slots=4|researching_basic_machine_tools=0|researched_basic_machine_tools=0|researching_construction1=0|researched_construction1=0|researching_electronic_mechanical_engineering=0|researched_electronic_mechanical_engineering=0|focus_completed=0|focus_progress_lower=0|focus_progress_upper=0.1
[13:56:24][1936.01.01.12][effectbase.cpp:1783]: CODEX_STATE_END|seq=706640
[14:03:59][1936.01.01.24][effectbase.cpp:1783]: CODEX_STATE_BEGIN|version=2|seq=706640|origin=0
[14:03:59][1936.01.01.24][effectbase.cpp:1783]: CODEX|date= 24:00, 1 1月, 1936|tag=GER|political_power=1.324|stability=0.81|war_support=0.35|manpower_k=1332.62|civilian_factories=35|military_factories=28|dockyards=10|research_slots=4|researching_basic_machine_tools=1|researched_basic_machine_tools=0|researching_construction1=1|researched_construction1=0|researching_electronic_mechanical_engineering=1|researched_electronic_mechanical_engineering=0|focus_completed=0|focus_progress_lower=0|focus_progress_upper=0.1
[14:03:59][1936.01.01.24][effectbase.cpp:1783]: CODEX_STATE_END|seq=706640
[14:04:02][1936.01.02.24][effectbase.cpp:1783]: CODEX_STATE_BEGIN|version=2|seq=706641|origin=0
[14:04:02][1936.01.02.24][effectbase.cpp:1783]: CODEX|date= 24:00, 2 1月, 1936|tag=GER|political_power=2.648|stability=0.81|war_support=0.35|manpower_k=1332.62|civilian_factories=35|military_factories=28|dockyards=10|research_slots=4|researching_basic_machine_tools=1|researched_basic_machine_tools=0|researching_construction1=1|researched_construction1=0|researching_electronic_mechanical_engineering=1|researched_electronic_mechanical_engineering=0|focus_completed=0|focus_progress_lower=0|focus_progress_upper=0.1
[14:04:02][1936.01.02.24][effectbase.cpp:1783]: CODEX_STATE_END|seq=706641
[14:04:05][1936.01.03.24][effectbase.cpp:1783]: CODEX_STATE_BEGIN|version=2|seq=706642|origin=0
[14:04:05][1936.01.03.24][effectbase.cpp:1783]: CODEX|date= 24:00, 3 1月, 1936|tag=GER|political_power=3.972|stability=0.81|war_support=0.35|manpower_k=1332.62|civilian_factories=36|military_factories=28|dockyards=10|research_slots=4|researching_basic_machine_tools=1|researched_basic_machine_tools=0|researching_construction1=1|researched_construction1=0|researching_electronic_mechanical_engineering=1|researched_electronic_mechanical_engineering=0|focus_completed=0|focus_progress_lower=0|focus_progress_upper=0.1
[14:04:05][1936.01.03.24][effectbase.cpp:1783]: CODEX_STATE_END|seq=706642
[14:04:07][1936.01.04.24][effectbase.cpp:1783]: CODEX_STATE_BEGIN|version=2|seq=706643|origin=0
[14:04:07][1936.01.04.24][effectbase.cpp:1783]: CODEX|date= 24:00, 4 1月, 1936|tag=GER|political_power=5.296|stability=0.81|war_support=0.35|manpower_k=1332.62|civilian_factories=36|military_factories=28|dockyards=10|research_slots=4|researching_basic_machine_tools=1|researched_basic_machine_tools=0|researching_construction1=1|researched_construction1=0|researching_electronic_mechanical_engineering=1|researched_electronic_mechanical_engineering=0|focus_completed=0|focus_progress_lower=0.1|focus_progress_upper=0.2
[14:04:07][1936.01.04.24][effectbase.cpp:1783]: CODEX_STATE_END|seq=706643
[14:04:10][1936.01.05.24][effectbase.cpp:1783]: CODEX_STATE_BEGIN|version=2|seq=706644|origin=0
[14:04:10][1936.01.05.24][effectbase.cpp:1783]: CODEX|date= 24:00, 5 1月, 1936|tag=GER|political_power=6.62|stability=0.81|war_support=0.35|manpower_k=1332.62|civilian_factories=36|military_factories=28|dockyards=10|research_slots=4|researching_basic_machine_tools=1|researched_basic_machine_tools=0|researching_construction1=1|researched_construction1=0|researching_electronic_mechanical_engineering=1|researched_electronic_mechanical_engineering=0|focus_completed=0|focus_progress_lower=0.1|focus_progress_upper=0.2
[14:04:10][1936.01.05.24][effectbase.cpp:1783]: CODEX_STATE_END|seq=706644
[14:04:13][1936.01.06.24][effectbase.cpp:1783]: CODEX_STATE_BEGIN|version=2|seq=706645|origin=0
[14:04:13][1936.01.06.24][effectbase.cpp:1783]: CODEX|date= 24:00, 6 1月, 1936|tag=GER|political_power=7.944|stability=0.81|war_support=0.35|manpower_k=1332.62|civilian_factories=36|military_factories=28|dockyards=10|research_slots=4|researching_basic_machine_tools=1|researched_basic_machine_tools=0|researching_construction1=1|researched_construction1=0|researching_electronic_mechanical_engineering=1|researched_electronic_mechanical_engineering=0|focus_completed=0|focus_progress_lower=0.1|focus_progress_upper=0.2
[14:04:13][1936.01.06.24][effectbase.cpp:1783]: CODEX_STATE_END|seq=706645
[14:04:16][1936.01.07.24][effectbase.cpp:1783]: CODEX_STATE_BEGIN|version=2|seq=706646|origin=0
[14:04:16][1936.01.07.24][effectbase.cpp:1783]: CODEX|date= 24:00, 7 1月, 1936|tag=GER|political_power=9.268|stability=0.81|war_support=0.35|manpower_k=1332.62|civilian_factories=36|military_factories=28|dockyards=10|research_slots=4|researching_basic_machine_tools=1|researched_basic_machine_tools=0|researching_construction1=1|researched_construction1=0|researching_electronic_mechanical_engineering=1|researched_electronic_mechanical_engineering=0|focus_completed=0|focus_progress_lower=0.2|focus_progress_upper=0.3
[14:04:16][1936.01.07.24][effectbase.cpp:1783]: CODEX_STATE_END|seq=706646
[14:04:19][1936.01.08.24][effectbase.cpp:1783]: CODEX_STATE_BEGIN|version=2|seq=706647|origin=0
[14:04:19][1936.01.08.24][effectbase.cpp:1783]: CODEX|date= 24:00, 8 1月, 1936|tag=GER|political_power=10.592|stability=0.81|war_support=0.35|manpower_k=1332.62|civilian_factories=36|military_factories=28|dockyards=10|research_slots=4|researching_basic_machine_tools=1|researched_basic_machine_tools=0|researching_construction1=1|researched_construction1=0|researching_electronic_mechanical_engineering=1|researched_electronic_mechanical_engineering=0|focus_completed=0|focus_progress_lower=0.2|focus_progress_upper=0.3
[14:04:19][1936.01.08.24][effectbase.cpp:1783]: CODEX_STATE_END|seq=706647
[14:04:21][1936.01.09.24][effectbase.cpp:1783]: CODEX_STATE_BEGIN|version=2|seq=706648|origin=0
[14:04:21][1936.01.09.24][effectbase.cpp:1783]: CODEX|date= 24:00, 9 1月, 1936|tag=GER|political_power=11.916|stability=0.81|war_support=0.35|manpower_k=1332.576|civilian_factories=36|military_factories=28|dockyards=10|research_slots=4|researching_basic_machine_tools=1|researched_basic_machine_tools=0|researching_construction1=1|researched_construction1=0|researching_electronic_mechanical_engineering=1|researched_electronic_mechanical_engineering=0|focus_completed=0|focus_progress_lower=0.2|focus_progress_upper=0.3
[14:04:21][1936.01.09.24][effectbase.cpp:1783]: CODEX_STATE_END|seq=706648
[14:04:24][1936.01.10.24][effectbase.cpp:1783]: CODEX_STATE_BEGIN|version=2|seq=706649|origin=0
[14:04:24][1936.01.10.24][effectbase.cpp:1783]: CODEX|date= 24:00, 10 1月, 1936|tag=GER|political_power=13.24|stability=0.81|war_support=0.35|manpower_k=1332.576|civilian_factories=36|military_factories=28|dockyards=10|research_slots=4|researching_basic_machine_tools=1|researched_basic_machine_tools=0|researching_construction1=1|researched_construction1=0|researching_electronic_mechanical_engineering=1|researched_electronic_mechanical_engineering=0|focus_completed=0|focus_progress_lower=0.2|focus_progress_upper=0.3
[14:04:24][1936.01.10.24][effectbase.cpp:1783]: CODEX_STATE_END|seq=706649
[14:04:27][1936.01.11.24][effectbase.cpp:1783]: CODEX_STATE_BEGIN|version=2|seq=706650|origin=0
[14:04:27][1936.01.11.24][effectbase.cpp:1783]: CODEX|date= 24:00, 11 1月, 1936|tag=GER|political_power=14.564|stability=0.81|war_support=0.35|manpower_k=1332.576|civilian_factories=36|military_factories=28|dockyards=10|research_slots=4|researching_basic_machine_tools=1|researched_basic_machine_tools=0|researching_construction1=1|researched_construction1=0|researching_electronic_mechanical_engineering=1|researched_electronic_mechanical_engineering=0|focus_completed=0|focus_progress_lower=0.3|focus_progress_upper=0.4
[14:04:27][1936.01.11.24][effectbase.cpp:1783]: CODEX_STATE_END|seq=706650
[14:04:28][1936.01.12.05][effectbase.cpp:1783]: planes triggered
[14:04:30][1936.01.12.24][effectbase.cpp:1783]: CODEX_STATE_BEGIN|version=2|seq=706651|origin=0
[14:04:30][1936.01.12.24][effectbase.cpp:1783]: CODEX|date= 24:00, 12 1月, 1936|tag=GER|political_power=15.888|stability=0.81|war_support=0.35|manpower_k=1332.576|civilian_factories=36|military_factories=28|dockyards=10|research_slots=4|researching_basic_machine_tools=1|researched_basic_machine_tools=0|researching_construction1=1|researched_construction1=0|researching_electronic_mechanical_engineering=1|researched_electronic_mechanical_engineering=0|focus_completed=0|focus_progress_lower=0.3|focus_progress_upper=0.4
[14:04:30][1936.01.12.24][effectbase.cpp:1783]: CODEX_STATE_END|seq=706651
[14:04:33][1936.01.13.24][effectbase.cpp:1783]: CODEX_STATE_BEGIN|version=2|seq=706652|origin=0
[14:04:33][1936.01.13.24][effectbase.cpp:1783]: CODEX|date= 24:00, 13 1月, 1936|tag=GER|political_power=17.212|stability=0.81|war_support=0.35|manpower_k=1332.576|civilian_factories=36|military_factories=28|dockyards=10|research_slots=4|researching_basic_machine_tools=1|researched_basic_machine_tools=0|researching_construction1=1|researched_construction1=0|researching_electronic_mechanical_engineering=1|researched_electronic_mechanical_engineering=0|focus_completed=0|focus_progress_lower=0.3|focus_progress_upper=0.4
[14:04:33][1936.01.13.24][effectbase.cpp:1783]: CODEX_STATE_END|seq=706652
[14:04:35][1936.01.14.24][effectbase.cpp:1783]: CODEX_STATE_BEGIN|version=2|seq=706653|origin=0
[14:04:35][1936.01.14.24][effectbase.cpp:1783]: CODEX|date= 24:00, 14 1月, 1936|tag=GER|political_power=18.536|stability=0.81|war_support=0.35|manpower_k=1332.576|civilian_factories=36|military_factories=28|dockyards=10|research_slots=4|researching_basic_machine_tools=1|researched_basic_machine_tools=0|researching_construction1=1|researched_construction1=0|researching_electronic_mechanical_engineering=1|researched_electronic_mechanical_engineering=0|focus_completed=0|focus_progress_lower=0.4|focus_progress_upper=0.5
[14:04:35][1936.01.14.24][effectbase.cpp:1783]: CODEX_STATE_END|seq=706653
[14:04:38][1936.01.15.24][effectbase.cpp:1783]: CODEX_STATE_BEGIN|version=2|seq=706654|origin=0
[14:04:38][1936.01.15.24][effectbase.cpp:1783]: CODEX|date= 24:00, 15 1月, 1936|tag=GER|political_power=19.86|stability=0.81|war_support=0.35|manpower_k=1332.576|civilian_factories=36|military_factories=28|dockyards=10|research_slots=4|researching_basic_machine_tools=1|researched_basic_machine_tools=0|researching_construction1=1|researched_construction1=0|researching_electronic_mechanical_engineering=1|researched_electronic_mechanical_engineering=0|focus_completed=0|focus_progress_lower=0.4|focus_progress_upper=0.5
[14:04:38][1936.01.15.24][effectbase.cpp:1783]: CODEX_STATE_END|seq=706654
[14:04:41][1936.01.16.24][effectbase.cpp:1783]: CODEX_STATE_BEGIN|version=2|seq=706655|origin=0
[14:04:41][1936.01.16.24][effectbase.cpp:1783]: CODEX|date= 24:00, 16 1月, 1936|tag=GER|political_power=21.184|stability=0.81|war_support=0.35|manpower_k=1332.576|civilian_factories=36|military_factories=28|dockyards=10|research_slots=4|researching_basic_machine_tools=1|researched_basic_machine_tools=0|researching_construction1=1|researched_construction1=0|researching_electronic_mechanical_engineering=1|researched_electronic_mechanical_engineering=0|focus_completed=0|focus_progress_lower=0.4|focus_progress_upper=0.5
[14:04:41][1936.01.16.24][effectbase.cpp:1783]: CODEX_STATE_END|seq=706655
[14:04:44][1936.01.17.24][effectbase.cpp:1783]: CODEX_STATE_BEGIN|version=2|seq=706656|origin=0
[14:04:44][1936.01.17.24][effectbase.cpp:1783]: CODEX|date= 24:00, 17 1月, 1936|tag=GER|political_power=22.508|stability=0.81|war_support=0.35|manpower_k=1332.576|civilian_factories=36|military_factories=28|dockyards=10|research_slots=4|researching_basic_machine_tools=1|researched_basic_machine_tools=0|researching_construction1=1|researched_construction1=0|researching_electronic_mechanical_engineering=1|researched_electronic_mechanical_engineering=0|focus_completed=0|focus_progress_lower=0.4|focus_progress_upper=0.5
[14:04:44][1936.01.17.24][effectbase.cpp:1783]: CODEX_STATE_END|seq=706656
[14:04:47][1936.01.18.24][effectbase.cpp:1783]: CODEX_STATE_BEGIN|version=2|seq=706657|origin=0
[14:04:47][1936.01.18.24][effectbase.cpp:1783]: CODEX|date= 24:00, 18 1月, 1936|tag=GER|political_power=23.832|stability=0.81|war_support=0.35|manpower_k=1332.554|civilian_factories=36|military_factories=28|dockyards=10|research_slots=4|researching_basic_machine_tools=1|researched_basic_machine_tools=0|researching_construction1=1|researched_construction1=0|researching_electronic_mechanical_engineering=1|researched_electronic_mechanical_engineering=0|focus_completed=0|focus_progress_lower=0.5|focus_progress_upper=0.6
[14:04:47][1936.01.18.24][effectbase.cpp:1783]: CODEX_STATE_END|seq=706657
[14:04:49][1936.01.19.24][effectbase.cpp:1783]: CODEX_STATE_BEGIN|version=2|seq=706658|origin=0
[14:04:49][1936.01.19.24][effectbase.cpp:1783]: CODEX|date= 24:00, 19 1月, 1936|tag=GER|political_power=25.156|stability=0.81|war_support=0.35|manpower_k=1332.554|civilian_factories=36|military_factories=28|dockyards=10|research_slots=4|researching_basic_machine_tools=1|researched_basic_machine_tools=0|researching_construction1=1|researched_construction1=0|researching_electronic_mechanical_engineering=1|researched_electronic_mechanical_engineering=0|focus_completed=0|focus_progress_lower=0.5|focus_progress_upper=0.6
[14:04:49][1936.01.19.24][effectbase.cpp:1783]: CODEX_STATE_END|seq=706658
[14:04:52][1936.01.20.24][effectbase.cpp:1783]: CODEX_STATE_BEGIN|version=2|seq=706659|origin=0
[14:04:52][1936.01.20.24][effectbase.cpp:1783]: CODEX|date= 24:00, 20 1月, 1936|tag=GER|political_power=26.48|stability=0.81|war_support=0.35|manpower_k=1332.532|civilian_factories=36|military_factories=28|dockyards=10|research_slots=4|researching_basic_machine_tools=1|researched_basic_machine_tools=0|researching_construction1=1|researched_construction1=0|researching_electronic_mechanical_engineering=1|researched_electronic_mechanical_engineering=0|focus_completed=0|focus_progress_lower=0.5|focus_progress_upper=0.6
[14:04:52][1936.01.20.24][effectbase.cpp:1783]: CODEX_STATE_END|seq=706659
[14:04:55][1936.01.21.24][effectbase.cpp:1783]: CODEX_STATE_BEGIN|version=2|seq=706660|origin=0
[14:04:55][1936.01.21.24][effectbase.cpp:1783]: CODEX|date= 24:00, 21 1月, 1936|tag=GER|political_power=27.804|stability=0.81|war_support=0.35|manpower_k=1332.532|civilian_factories=36|military_factories=28|dockyards=10|research_slots=4|researching_basic_machine_tools=1|researched_basic_machine_tools=0|researching_construction1=1|researched_construction1=0|researching_electronic_mechanical_engineering=1|researched_electronic_mechanical_engineering=0|focus_completed=0|focus_progress_lower=0.6|focus_progress_upper=0.7
[14:04:55][1936.01.21.24][effectbase.cpp:1783]: CODEX_STATE_END|seq=706660
[14:04:58][1936.01.22.24][effectbase.cpp:1783]: CODEX_STATE_BEGIN|version=2|seq=706661|origin=0
[14:04:58][1936.01.22.24][effectbase.cpp:1783]: CODEX|date= 24:00, 22 1月, 1936|tag=GER|political_power=29.128|stability=0.81|war_support=0.35|manpower_k=1332.532|civilian_factories=36|military_factories=28|dockyards=10|research_slots=4|researching_basic_machine_tools=1|researched_basic_machine_tools=0|researching_construction1=1|researched_construction1=0|researching_electronic_mechanical_engineering=1|researched_electronic_mechanical_engineering=0|focus_completed=0|focus_progress_lower=0.6|focus_progress_upper=0.7
[14:04:58][1936.01.22.24][effectbase.cpp:1783]: CODEX_STATE_END|seq=706661
[14:05:01][1936.01.23.24][effectbase.cpp:1783]: CODEX_STATE_BEGIN|version=2|seq=706662|origin=0
[14:05:01][1936.01.23.24][effectbase.cpp:1783]: CODEX|date= 24:00, 23 1月, 1936|tag=GER|political_power=30.452|stability=0.81|war_support=0.35|manpower_k=1332.532|civilian_factories=36|military_factories=28|dockyards=10|research_slots=4|researching_basic_machine_tools=1|researched_basic_machine_tools=0|researching_construction1=1|researched_construction1=0|researching_electronic_mechanical_engineering=1|researched_electronic_mechanical_engineering=0|focus_completed=0|focus_progress_lower=0.6|focus_progress_upper=0.7
[14:05:01][1936.01.23.24][effectbase.cpp:1783]: CODEX_STATE_END|seq=706662
[14:05:03][1936.01.24.24][effectbase.cpp:1783]: CODEX_STATE_BEGIN|version=2|seq=706663|origin=0
[14:05:03][1936.01.24.24][effectbase.cpp:1783]: CODEX|date= 24:00, 24 1月, 1936|tag=GER|political_power=31.776|stability=0.81|war_support=0.35|manpower_k=1332.488|civilian_factories=36|military_factories=28|dockyards=10|research_slots=4|researching_basic_machine_tools=1|researched_basic_machine_tools=0|researching_construction1=1|researched_construction1=0|researching_electronic_mechanical_engineering=1|researched_electronic_mechanical_engineering=0|focus_completed=0|focus_progress_lower=0.6|focus_progress_upper=0.7
[14:05:03][1936.01.24.24][effectbase.cpp:1783]: CODEX_STATE_END|seq=706663
[14:05:06][1936.01.25.24][effectbase.cpp:1783]: CODEX_STATE_BEGIN|version=2|seq=706664|origin=0
[14:05:06][1936.01.25.24][effectbase.cpp:1783]: CODEX|date= 24:00, 25 1月, 1936|tag=GER|political_power=33.1|stability=0.81|war_support=0.35|manpower_k=1332.488|civilian_factories=36|military_factories=28|dockyards=10|research_slots=4|researching_basic_machine_tools=1|researched_basic_machine_tools=0|researching_construction1=1|researched_construction1=0|researching_electronic_mechanical_engineering=1|researched_electronic_mechanical_engineering=0|focus_completed=0|focus_progress_lower=0.7|focus_progress_upper=0.8
[14:05:06][1936.01.25.24][effectbase.cpp:1783]: CODEX_STATE_END|seq=706664
[14:05:09][1936.01.26.24][effectbase.cpp:1783]: CODEX_STATE_BEGIN|version=2|seq=706665|origin=0
[14:05:09][1936.01.26.24][effectbase.cpp:1783]: CODEX|date= 24:00, 26 1月, 1936|tag=GER|political_power=34.424|stability=0.81|war_support=0.35|manpower_k=1332.488|civilian_factories=36|military_factories=28|dockyards=10|research_slots=4|researching_basic_machine_tools=1|researched_basic_machine_tools=0|researching_construction1=1|researched_construction1=0|researching_electronic_mechanical_engineering=1|researched_electronic_mechanical_engineering=0|focus_completed=0|focus_progress_lower=0.7|focus_progress_upper=0.8
[14:05:09][1936.01.26.24][effectbase.cpp:1783]: CODEX_STATE_END|seq=706665
[14:05:12][1936.01.27.24][effectbase.cpp:1783]: CODEX_STATE_BEGIN|version=2|seq=706666|origin=0
[14:05:12][1936.01.27.24][effectbase.cpp:1783]: CODEX|date= 24:00, 27 1月, 1936|tag=GER|political_power=35.748|stability=0.81|war_support=0.35|manpower_k=1332.466|civilian_factories=36|military_factories=28|dockyards=10|research_slots=4|researching_basic_machine_tools=1|researched_basic_machine_tools=0|researching_construction1=1|researched_construction1=0|researching_electronic_mechanical_engineering=1|researched_electronic_mechanical_engineering=0|focus_completed=0|focus_progress_lower=0.7|focus_progress_upper=0.8
[14:05:12][1936.01.27.24][effectbase.cpp:1783]: CODEX_STATE_END|seq=706666
[14:05:15][1936.01.28.24][effectbase.cpp:1783]: CODEX_STATE_BEGIN|version=2|seq=706667|origin=0
[14:05:15][1936.01.28.24][effectbase.cpp:1783]: CODEX|date= 24:00, 28 1月, 1936|tag=GER|political_power=37.072|stability=0.81|war_support=0.35|manpower_k=1332.466|civilian_factories=36|military_factories=28|dockyards=10|research_slots=4|researching_basic_machine_tools=1|researched_basic_machine_tools=0|researching_construction1=1|researched_construction1=0|researching_electronic_mechanical_engineering=1|researched_electronic_mechanical_engineering=0|focus_completed=0|focus_progress_lower=0.8|focus_progress_upper=0.9
[14:05:15][1936.01.28.24][effectbase.cpp:1783]: CODEX_STATE_END|seq=706667
[14:05:17][1936.01.29.24][effectbase.cpp:1783]: CODEX_STATE_BEGIN|version=2|seq=706668|origin=0
[14:05:17][1936.01.29.24][effectbase.cpp:1783]: CODEX|date= 24:00, 29 1月, 1936|tag=GER|political_power=38.396|stability=0.81|war_support=0.35|manpower_k=1332.466|civilian_factories=36|military_factories=28|dockyards=10|research_slots=4|researching_basic_machine_tools=1|researched_basic_machine_tools=0|researching_construction1=1|researched_construction1=0|researching_electronic_mechanical_engineering=1|researched_electronic_mechanical_engineering=0|focus_completed=0|focus_progress_lower=0.8|focus_progress_upper=0.9
[14:05:17][1936.01.29.24][effectbase.cpp:1783]: CODEX_STATE_END|seq=706668
[14:05:20][1936.01.30.24][effectbase.cpp:1783]: CODEX_STATE_BEGIN|version=2|seq=706669|origin=0
[14:05:20][1936.01.30.24][effectbase.cpp:1783]: CODEX|date= 24:00, 30 1月, 1936|tag=GER|political_power=39.72|stability=0.81|war_support=0.35|manpower_k=1332.466|civilian_factories=36|military_factories=28|dockyards=10|research_slots=4|researching_basic_machine_tools=1|researched_basic_machine_tools=0|researching_construction1=1|researched_construction1=0|researching_electronic_mechanical_engineering=1|researched_electronic_mechanical_engineering=0|focus_completed=0|focus_progress_lower=0.8|focus_progress_upper=0.9
[14:05:20][1936.01.30.24][effectbase.cpp:1783]: CODEX_STATE_END|seq=706669
[14:05:23][1936.01.31.24][effectbase.cpp:1783]: CODEX_STATE_BEGIN|version=2|seq=706670|origin=0
[14:05:23][1936.01.31.24][effectbase.cpp:1783]: CODEX|date= 24:00, 31 1月, 1936|tag=GER|political_power=41.044|stability=0.81|war_support=0.35|manpower_k=1332.444|civilian_factories=36|military_factories=28|dockyards=10|research_slots=4|researching_basic_machine_tools=1|researched_basic_machine_tools=0|researching_construction1=1|researched_construction1=0|researching_electronic_mechanical_engineering=1|researched_electronic_mechanical_engineering=0|focus_completed=0|focus_progress_lower=0.8|focus_progress_upper=0.9
[14:05:23][1936.01.31.24][effectbase.cpp:1783]: CODEX_STATE_END|seq=706670
[14:05:26][1936.02.01.24][effectbase.cpp:1783]: CODEX_STATE_BEGIN|version=2|seq=706671|origin=0
[14:05:26][1936.02.01.24][effectbase.cpp:1783]: CODEX|date= 24:00, 1 2月, 1936|tag=GER|political_power=42.368|stability=0.81|war_support=0.35|manpower_k=1334.493|civilian_factories=36|military_factories=28|dockyards=10|research_slots=4|researching_basic_machine_tools=1|researched_basic_machine_tools=0|researching_construction1=1|researched_construction1=0|researching_electronic_mechanical_engineering=1|researched_electronic_mechanical_engineering=0|focus_completed=0|focus_progress_lower=0.9|focus_progress_upper=1
[14:05:26][1936.02.01.24][effectbase.cpp:1783]: CODEX_STATE_END|seq=706671
[14:05:29][1936.02.02.24][effectbase.cpp:1783]: CODEX_STATE_BEGIN|version=2|seq=706672|origin=0
[14:05:29][1936.02.02.24][effectbase.cpp:1783]: CODEX|date= 24:00, 2 2月, 1936|tag=GER|political_power=43.692|stability=0.81|war_support=0.35|manpower_k=1334.493|civilian_factories=36|military_factories=28|dockyards=10|research_slots=4|researching_basic_machine_tools=1|researched_basic_machine_tools=0|researching_construction1=1|researched_construction1=0|researching_electronic_mechanical_engineering=1|researched_electronic_mechanical_engineering=0|focus_completed=0|focus_progress_lower=0.9|focus_progress_upper=1
[14:05:29][1936.02.02.24][effectbase.cpp:1783]: CODEX_STATE_END|seq=706672
[14:05:32][1936.02.03.24][effectbase.cpp:1783]: CODEX_STATE_BEGIN|version=2|seq=706673|origin=0
[14:05:32][1936.02.03.24][effectbase.cpp:1783]: CODEX|date= 24:00, 3 2月, 1936|tag=GER|political_power=45.016|stability=0.81|war_support=0.35|manpower_k=1334.493|civilian_factories=36|military_factories=28|dockyards=10|research_slots=4|researching_basic_machine_tools=1|researched_basic_machine_tools=0|researching_construction1=1|researched_construction1=0|researching_electronic_mechanical_engineering=1|researched_electronic_mechanical_engineering=0|focus_completed=0|focus_progress_lower=0.9|focus_progress_upper=1
[14:05:32][1936.02.03.24][effectbase.cpp:1783]: CODEX_STATE_END|seq=706673
[14:05:32][1936.02.04.01][effectbase.cpp:1783]: Fully cantons activated
[14:05:34][1936.02.04.24][effectbase.cpp:1783]: CODEX_STATE_BEGIN|version=2|seq=706674|origin=0
[14:05:34][1936.02.04.24][effectbase.cpp:1783]: CODEX|date= 24:00, 4 2月, 1936|tag=GER|political_power=121.34|stability=0.81|war_support=0.46998|manpower_k=1334.493|civilian_factories=36|military_factories=28|dockyards=10|research_slots=4|researching_basic_machine_tools=1|researched_basic_machine_tools=0|researching_construction1=1|researched_construction1=0|researching_electronic_mechanical_engineering=1|researched_electronic_mechanical_engineering=0|focus_completed=1|focus_progress_lower=1|focus_progress_upper=1
[14:05:34][1936.02.04.24][effectbase.cpp:1783]: CODEX_STATE_END|seq=706674
[14:05:37][1936.02.05.24][effectbase.cpp:1783]: CODEX_STATE_BEGIN|version=2|seq=706675|origin=0
[14:05:37][1936.02.05.24][effectbase.cpp:1783]: CODEX|date= 24:00, 5 2月, 1936|tag=GER|political_power=123.664|stability=0.81|war_support=0.46996|manpower_k=1334.493|civilian_factories=36|military_factories=28|dockyards=10|research_slots=4|researching_basic_machine_tools=1|researched_basic_machine_tools=0|researching_construction1=1|researched_construction1=0|researching_electronic_mechanical_engineering=1|researched_electronic_mechanical_engineering=0|focus_completed=1|focus_progress_lower=1|focus_progress_upper=1
[14:05:37][1936.02.05.24][effectbase.cpp:1783]: CODEX_STATE_END|seq=706675
[14:08:12][1936.02.06.24][effectbase.cpp:1783]: CODEX_STATE_BEGIN|version=2|seq=706676|origin=0
[14:08:12][1936.02.06.24][effectbase.cpp:1783]: CODEX|date= 24:00, 6 2月, 1936|tag=GER|political_power=125.988|stability=0.81|war_support=0.46994|manpower_k=1334.471|civilian_factories=36|military_factories=28|dockyards=10|research_slots=4|researching_basic_machine_tools=1|researched_basic_machine_tools=0|researching_construction1=1|researched_construction1=0|researching_electronic_mechanical_engineering=1|researched_electronic_mechanical_engineering=0|focus_completed=1|focus_progress_lower=1|focus_progress_upper=1
[14:08:12][1936.02.06.24][effectbase.cpp:1783]: CODEX_STATE_END|seq=706676
[14:08:14][1936.02.07.24][effectbase.cpp:1783]: CODEX_STATE_BEGIN|version=2|seq=706677|origin=0
[14:08:14][1936.02.07.24][effectbase.cpp:1783]: CODEX|date= 24:00, 7 2月, 1936|tag=GER|political_power=128.312|stability=0.81|war_support=0.46992|manpower_k=1334.271|civilian_factories=36|military_factories=28|dockyards=10|research_slots=4|researching_basic_machine_tools=1|researched_basic_machine_tools=0|researching_construction1=1|researched_construction1=0|researching_electronic_mechanical_engineering=1|researched_electronic_mechanical_engineering=0|focus_completed=1|focus_progress_lower=1|focus_progress_upper=1
[14:08:14][1936.02.07.24][effectbase.cpp:1783]: CODEX_STATE_END|seq=706677
[14:08:17][1936.02.08.24][effectbase.cpp:1783]: CODEX_STATE_BEGIN|version=2|seq=706678|origin=0
[14:08:17][1936.02.08.24][effectbase.cpp:1783]: CODEX|date= 24:00, 8 2月, 1936|tag=GER|political_power=130.636|stability=0.81|war_support=0.4699|manpower_k=1334.271|civilian_factories=36|military_factories=28|dockyards=10|research_slots=4|researching_basic_machine_tools=1|researched_basic_machine_tools=0|researching_construction1=1|researched_construction1=0|researching_electronic_mechanical_engineering=1|researched_electronic_mechanical_engineering=0|focus_completed=1|focus_progress_lower=1|focus_progress_upper=1
[14:08:17][1936.02.08.24][effectbase.cpp:1783]: CODEX_STATE_END|seq=706678
[14:08:20][1936.02.09.24][effectbase.cpp:1783]: CODEX_STATE_BEGIN|version=2|seq=706679|origin=0
[14:08:20][1936.02.09.24][effectbase.cpp:1783]: CODEX|date= 24:00, 9 2月, 1936|tag=GER|political_power=132.96|stability=0.81|war_support=0.46988|manpower_k=1334.271|civilian_factories=36|military_factories=28|dockyards=10|research_slots=4|researching_basic_machine_tools=1|researched_basic_machine_tools=0|researching_construction1=1|researched_construction1=0|researching_electronic_mechanical_engineering=1|researched_electronic_mechanical_engineering=0|focus_completed=1|focus_progress_lower=1|focus_progress_upper=1
[14:08:20][1936.02.09.24][effectbase.cpp:1783]: CODEX_STATE_END|seq=706679
[14:08:23][1936.02.10.24][effectbase.cpp:1783]: CODEX_STATE_BEGIN|version=2|seq=706680|origin=0
[14:08:23][1936.02.10.24][effectbase.cpp:1783]: CODEX|date= 24:00, 10 2月, 1936|tag=GER|political_power=135.284|stability=0.81|war_support=0.46986|manpower_k=1334.271|civilian_factories=36|military_factories=28|dockyards=10|research_slots=4|researching_basic_machine_tools=1|researched_basic_machine_tools=0|researching_construction1=1|researched_construction1=0|researching_electronic_mechanical_engineering=1|researched_electronic_mechanical_engineering=0|focus_completed=1|focus_progress_lower=1|focus_progress_upper=1
[14:08:23][1936.02.10.24][effectbase.cpp:1783]: CODEX_STATE_END|seq=706680
[14:08:25][1936.02.11.24][effectbase.cpp:1783]: CODEX_STATE_BEGIN|version=2|seq=706681|origin=0
[14:08:25][1936.02.11.24][effectbase.cpp:1783]: CODEX|date= 24:00, 11 2月, 1936|tag=GER|political_power=137.608|stability=0.81|war_support=0.46984|manpower_k=1334.249|civilian_factories=36|military_factories=28|dockyards=10|research_slots=4|researching_basic_machine_tools=1|researched_basic_machine_tools=0|researching_construction1=1|researched_construction1=0|researching_electronic_mechanical_engineering=1|researched_electronic_mechanical_engineering=0|focus_completed=1|focus_progress_lower=1|focus_progress_upper=1
[14:08:25][1936.02.11.24][effectbase.cpp:1783]: CODEX_STATE_END|seq=706681
[14:08:28][1936.02.12.24][effectbase.cpp:1783]: CODEX_STATE_BEGIN|version=2|seq=706682|origin=0
[14:08:28][1936.02.12.24][effectbase.cpp:1783]: CODEX|date= 24:00, 12 2月, 1936|tag=GER|political_power=139.932|stability=0.81|war_support=0.46982|manpower_k=1334.249|civilian_factories=36|military_factories=28|dockyards=10|research_slots=4|researching_basic_machine_tools=1|researched_basic_machine_tools=0|researching_construction1=1|researched_construction1=0|researching_electronic_mechanical_engineering=1|researched_electronic_mechanical_engineering=0|focus_completed=1|focus_progress_lower=1|focus_progress_upper=1
[14:08:28][1936.02.12.24][effectbase.cpp:1783]: CODEX_STATE_END|seq=706682
[14:08:31][1936.02.13.24][effectbase.cpp:1783]: CODEX_STATE_BEGIN|version=2|seq=706683|origin=0
[14:08:31][1936.02.13.24][effectbase.cpp:1783]: CODEX|date= 24:00, 13 2月, 1936|tag=GER|political_power=142.256|stability=0.81|war_support=0.4698|manpower_k=1334.249|civilian_factories=36|military_factories=28|dockyards=10|research_slots=4|researching_basic_machine_tools=1|researched_basic_machine_tools=0|researching_construction1=1|researched_construction1=0|researching_electronic_mechanical_engineering=1|researched_electronic_mechanical_engineering=0|focus_completed=1|focus_progress_lower=1|focus_progress_upper=1
[14:08:31][1936.02.13.24][effectbase.cpp:1783]: CODEX_STATE_END|seq=706683
[14:08:34][1936.02.14.24][effectbase.cpp:1783]: CODEX_STATE_BEGIN|version=2|seq=706684|origin=0
[14:08:34][1936.02.14.24][effectbase.cpp:1783]: CODEX|date= 24:00, 14 2月, 1936|tag=GER|political_power=144.58|stability=0.81|war_support=0.46978|manpower_k=1334.249|civilian_factories=36|military_factories=28|dockyards=10|research_slots=4|researching_basic_machine_tools=1|researched_basic_machine_tools=0|researching_construction1=1|researched_construction1=0|researching_electronic_mechanical_engineering=1|researched_electronic_mechanical_engineering=0|focus_completed=1|focus_progress_lower=1|focus_progress_upper=1
[14:08:34][1936.02.14.24][effectbase.cpp:1783]: CODEX_STATE_END|seq=706684
[14:08:37][1936.02.15.24][effectbase.cpp:1783]: CODEX_STATE_BEGIN|version=2|seq=706685|origin=0
[14:08:37][1936.02.15.24][effectbase.cpp:1783]: CODEX|date= 24:00, 15 2月, 1936|tag=GER|political_power=146.904|stability=0.81|war_support=0.46976|manpower_k=1334.227|civilian_factories=36|military_factories=28|dockyards=10|research_slots=4|researching_basic_machine_tools=1|researched_basic_machine_tools=0|researching_construction1=1|researched_construction1=0|researching_electronic_mechanical_engineering=1|researched_electronic_mechanical_engineering=0|focus_completed=1|focus_progress_lower=1|focus_progress_upper=1
[14:08:37][1936.02.15.24][effectbase.cpp:1783]: CODEX_STATE_END|seq=706685
[14:08:40][1936.02.16.24][effectbase.cpp:1783]: CODEX_STATE_BEGIN|version=2|seq=706686|origin=0
[14:08:40][1936.02.16.24][effectbase.cpp:1783]: CODEX|date= 24:00, 16 2月, 1936|tag=GER|political_power=149.228|stability=0.81|war_support=0.46974|manpower_k=1334.227|civilian_factories=36|military_factories=28|dockyards=10|research_slots=4|researching_basic_machine_tools=1|researched_basic_machine_tools=0|researching_construction1=1|researched_construction1=0|researching_electronic_mechanical_engineering=1|researched_electronic_mechanical_engineering=0|focus_completed=1|focus_progress_lower=1|focus_progress_upper=1
[14:08:40][1936.02.16.24][effectbase.cpp:1783]: CODEX_STATE_END|seq=706686
[14:08:42][1936.02.17.17][effectbase.cpp:1532]: events/GOE_Raj.txt:1835: random_list: Enumerating effects:
[14:08:42][1936.02.17.17][effectbase.cpp:1552]: events/GOE_Raj.txt:1838: 10 SumSoFar=0
[14:08:42][1936.02.17.17][effectbase.cpp:1552]: events/GOE_Raj.txt:1852: 1.5 SumSoFar=10
[14:08:42][1936.02.17.17][effectbase.cpp:1552]: events/GOE_Raj.txt:1881: 10 SumSoFar=11.5
[14:08:42][1936.02.17.17][effectbase.cpp:1554]: events/GOE_Raj.txt:1835: random_list: Total=21.5000
[14:08:42][1936.02.17.17][effectbase.cpp:1580]: events/GOE_Raj.txt:1835: random_list: Rolled=0.8180
[14:08:42][1936.02.17.17][effectbase.cpp:1722]: events/GOE_Raj.txt:1835: random_list: Executing=events/GOE_Raj.txt:1838
[14:08:42][1936.02.17.24][effectbase.cpp:1783]: CODEX_STATE_BEGIN|version=2|seq=706687|origin=0
[14:08:42][1936.02.17.24][effectbase.cpp:1783]: CODEX|date= 24:00, 17 2月, 1936|tag=GER|political_power=151.552|stability=0.81|war_support=0.46972|manpower_k=1334.227|civilian_factories=36|military_factories=28|dockyards=10|research_slots=4|researching_basic_machine_tools=1|researched_basic_machine_tools=0|researching_construction1=1|researched_construction1=0|researching_electronic_mechanical_engineering=1|researched_electronic_mechanical_engineering=0|focus_completed=1|focus_progress_lower=1|focus_progress_upper=1
[14:08:42][1936.02.17.24][effectbase.cpp:1783]: CODEX_STATE_END|seq=706687
[14:08:45][1936.02.18.24][effectbase.cpp:1783]: CODEX_STATE_BEGIN|version=2|seq=706688|origin=0
[14:08:45][1936.02.18.24][effectbase.cpp:1783]: CODEX|date= 24:00, 18 2月, 1936|tag=GER|political_power=153.876|stability=0.81|war_support=0.4697|manpower_k=1334.227|civilian_factories=36|military_factories=28|dockyards=10|research_slots=4|researching_basic_machine_tools=1|researched_basic_machine_tools=0|researching_construction1=1|researched_construction1=0|researching_electronic_mechanical_engineering=1|researched_electronic_mechanical_engineering=0|focus_completed=1|focus_progress_lower=1|focus_progress_upper=1
[14:08:45][1936.02.18.24][effectbase.cpp:1783]: CODEX_STATE_END|seq=706688
[14:08:48][1936.02.19.24][effectbase.cpp:1783]: CODEX_STATE_BEGIN|version=2|seq=706689|origin=0
[14:08:48][1936.02.19.24][effectbase.cpp:1783]: CODEX|date= 24:00, 19 2月, 1936|tag=GER|political_power=156.2|stability=0.81|war_support=0.46968|manpower_k=1334.183|civilian_factories=36|military_factories=28|dockyards=10|research_slots=4|researching_basic_machine_tools=1|researched_basic_machine_tools=0|researching_construction1=1|researched_construction1=0|researching_electronic_mechanical_engineering=1|researched_electronic_mechanical_engineering=0|focus_completed=1|focus_progress_lower=1|focus_progress_upper=1
[14:08:48][1936.02.19.24][effectbase.cpp:1783]: CODEX_STATE_END|seq=706689
[14:08:51][1936.02.20.24][effectbase.cpp:1783]: CODEX_STATE_BEGIN|version=2|seq=706690|origin=0
[14:08:51][1936.02.20.24][effectbase.cpp:1783]: CODEX|date= 24:00, 20 2月, 1936|tag=GER|political_power=158.524|stability=0.81|war_support=0.46966|manpower_k=1334.183|civilian_factories=36|military_factories=28|dockyards=10|research_slots=4|researching_basic_machine_tools=1|researched_basic_machine_tools=0|researching_construction1=1|researched_construction1=0|researching_electronic_mechanical_engineering=1|researched_electronic_mechanical_engineering=0|focus_completed=1|focus_progress_lower=1|focus_progress_upper=1
[14:08:51][1936.02.20.24][effectbase.cpp:1783]: CODEX_STATE_END|seq=706690
[14:08:54][1936.02.21.24][effectbase.cpp:1783]: CODEX_STATE_BEGIN|version=2|seq=706691|origin=0
[14:08:54][1936.02.21.24][effectbase.cpp:1783]: CODEX|date= 24:00, 21 2月, 1936|tag=GER|political_power=160.848|stability=0.81|war_support=0.46964|manpower_k=1334.183|civilian_factories=36|military_factories=28|dockyards=10|research_slots=4|researching_basic_machine_tools=1|researched_basic_machine_tools=0|researching_construction1=1|researched_construction1=0|researching_electronic_mechanical_engineering=1|researched_electronic_mechanical_engineering=0|focus_completed=1|focus_progress_lower=1|focus_progress_upper=1
[14:08:54][1936.02.21.24][effectbase.cpp:1783]: CODEX_STATE_END|seq=706691
[14:08:56][1936.02.22.24][effectbase.cpp:1783]: CODEX_STATE_BEGIN|version=2|seq=706692|origin=0
[14:08:56][1936.02.22.24][effectbase.cpp:1783]: CODEX|date= 24:00, 22 2月, 1936|tag=GER|political_power=163.172|stability=0.81|war_support=0.46962|manpower_k=1333.961|civilian_factories=36|military_factories=28|dockyards=10|research_slots=4|researching_basic_machine_tools=1|researched_basic_machine_tools=0|researching_construction1=1|researched_construction1=0|researching_electronic_mechanical_engineering=1|researched_electronic_mechanical_engineering=0|focus_completed=1|focus_progress_lower=1|focus_progress_upper=1
[14:08:56][1936.02.22.24][effectbase.cpp:1783]: CODEX_STATE_END|seq=706692
[14:08:57][1936.02.23.05][effectbase.cpp:1783]: random event 1
[14:08:59][1936.02.23.24][effectbase.cpp:1783]: CODEX_STATE_BEGIN|version=2|seq=706693|origin=0
[14:08:59][1936.02.23.24][effectbase.cpp:1783]: CODEX|date= 24:00, 23 2月, 1936|tag=GER|political_power=165.496|stability=0.81|war_support=0.4696|manpower_k=1333.961|civilian_factories=36|military_factories=28|dockyards=10|research_slots=4|researching_basic_machine_tools=1|researched_basic_machine_tools=0|researching_construction1=1|researched_construction1=0|researching_electronic_mechanical_engineering=1|researched_electronic_mechanical_engineering=0|focus_completed=1|focus_progress_lower=1|focus_progress_upper=1
[14:08:59][1936.02.23.24][effectbase.cpp:1783]: CODEX_STATE_END|seq=706693
[14:09:02][1936.02.24.24][effectbase.cpp:1783]: CODEX_STATE_BEGIN|version=2|seq=706694|origin=0
[14:09:02][1936.02.24.24][effectbase.cpp:1783]: CODEX|date= 24:00, 24 2月, 1936|tag=GER|political_power=167.82|stability=0.81|war_support=0.46958|manpower_k=1333.961|civilian_factories=36|military_factories=28|dockyards=10|research_slots=4|researching_basic_machine_tools=1|researched_basic_machine_tools=0|researching_construction1=1|researched_construction1=0|researching_electronic_mechanical_engineering=1|researched_electronic_mechanical_engineering=0|focus_completed=1|focus_progress_lower=1|focus_progress_upper=1
[14:09:02][1936.02.24.24][effectbase.cpp:1783]: CODEX_STATE_END|seq=706694
[14:09:05][1936.02.25.24][effectbase.cpp:1783]: CODEX_STATE_BEGIN|version=2|seq=706695|origin=0
[14:09:05][1936.02.25.24][effectbase.cpp:1783]: CODEX|date= 24:00, 25 2月, 1936|tag=GER|political_power=170.144|stability=0.81|war_support=0.46956|manpower_k=1333.939|civilian_factories=36|military_factories=28|dockyards=10|research_slots=4|researching_basic_machine_tools=1|researched_basic_machine_tools=0|researching_construction1=1|researched_construction1=0|researching_electronic_mechanical_engineering=1|researched_electronic_mechanical_engineering=0|focus_completed=1|focus_progress_lower=1|focus_progress_upper=1
[14:09:05][1936.02.25.24][effectbase.cpp:1783]: CODEX_STATE_END|seq=706695
[14:09:08][1936.02.26.24][effectbase.cpp:1783]: CODEX_STATE_BEGIN|version=2|seq=706696|origin=0
[14:09:08][1936.02.26.24][effectbase.cpp:1783]: CODEX|date= 24:00, 26 2月, 1936|tag=GER|political_power=172.468|stability=0.81|war_support=0.46954|manpower_k=1333.939|civilian_factories=36|military_factories=28|dockyards=10|research_slots=4|researching_basic_machine_tools=1|researched_basic_machine_tools=0|researching_construction1=1|researched_construction1=0|researching_electronic_mechanical_engineering=1|researched_electronic_mechanical_engineering=0|focus_completed=1|focus_progress_lower=1|focus_progress_upper=1
[14:09:08][1936.02.26.24][effectbase.cpp:1783]: CODEX_STATE_END|seq=706696
[14:09:10][1936.02.27.24][effectbase.cpp:1783]: CODEX_STATE_BEGIN|version=2|seq=706697|origin=0
[14:09:10][1936.02.27.24][effectbase.cpp:1783]: CODEX|date= 24:00, 27 2月, 1936|tag=GER|political_power=174.792|stability=0.81|war_support=0.46952|manpower_k=1333.939|civilian_factories=36|military_factories=28|dockyards=10|research_slots=4|researching_basic_machine_tools=1|researched_basic_machine_tools=0|researching_construction1=1|researched_construction1=0|researching_electronic_mechanical_engineering=1|researched_electronic_mechanical_engineering=0|focus_completed=1|focus_progress_lower=1|focus_progress_upper=1
[14:09:10][1936.02.27.24][effectbase.cpp:1783]: CODEX_STATE_END|seq=706697
[14:09:13][1936.02.28.24][effectbase.cpp:1783]: CODEX_STATE_BEGIN|version=2|seq=706698|origin=0
[14:09:13][1936.02.28.24][effectbase.cpp:1783]: CODEX|date= 24:00, 28 2月, 1936|tag=GER|political_power=177.116|stability=0.81|war_support=0.4695|manpower_k=1333.939|civilian_factories=36|military_factories=28|dockyards=10|research_slots=4|researching_basic_machine_tools=1|researched_basic_machine_tools=0|researching_construction1=1|researched_construction1=0|researching_electronic_mechanical_engineering=1|researched_electronic_mechanical_engineering=0|focus_completed=1|focus_progress_lower=1|focus_progress_upper=1
[14:09:13][1936.02.28.24][effectbase.cpp:1783]: CODEX_STATE_END|seq=706698
[14:09:16][1936.03.01.24][effectbase.cpp:1783]: CODEX_STATE_BEGIN|version=2|seq=706699|origin=0
[14:09:16][1936.03.01.24][effectbase.cpp:1783]: CODEX|date= 24:00, 1 3月, 1936|tag=GER|political_power=179.44|stability=0.81|war_support=0.46948|manpower_k=1335.99|civilian_factories=36|military_factories=28|dockyards=10|research_slots=4|researching_basic_machine_tools=1|researched_basic_machine_tools=0|researching_construction1=1|researched_construction1=0|researching_electronic_mechanical_engineering=1|researched_electronic_mechanical_engineering=0|focus_completed=1|focus_progress_lower=1|focus_progress_upper=1
[14:09:16][1936.03.01.24][effectbase.cpp:1783]: CODEX_STATE_END|seq=706699
[14:09:19][1936.03.02.24][effectbase.cpp:1783]: CODEX_STATE_BEGIN|version=2|seq=706700|origin=0
[14:09:19][1936.03.02.24][effectbase.cpp:1783]: CODEX|date= 24:00, 2 3月, 1936|tag=GER|political_power=181.764|stability=0.81|war_support=0.46946|manpower_k=1335.99|civilian_factories=36|military_factories=28|dockyards=10|research_slots=4|researching_basic_machine_tools=1|researched_basic_machine_tools=0|researching_construction1=1|researched_construction1=0|researching_electronic_mechanical_engineering=1|researched_electronic_mechanical_engineering=0|focus_completed=1|focus_progress_lower=1|focus_progress_upper=1
[14:09:19][1936.03.02.24][effectbase.cpp:1783]: CODEX_STATE_END|seq=706700
[14:09:22][1936.03.03.24][effectbase.cpp:1783]: CODEX_STATE_BEGIN|version=2|seq=706701|origin=0
[14:09:22][1936.03.03.24][effectbase.cpp:1783]: CODEX|date= 24:00, 3 3月, 1936|tag=GER|political_power=184.088|stability=0.81|war_support=0.46944|manpower_k=1335.99|civilian_factories=36|military_factories=28|dockyards=10|research_slots=4|researching_basic_machine_tools=1|researched_basic_machine_tools=0|researching_construction1=1|researched_construction1=0|researching_electronic_mechanical_engineering=1|researched_electronic_mechanical_engineering=0|focus_completed=1|focus_progress_lower=1|focus_progress_upper=1
[14:09:22][1936.03.03.24][effectbase.cpp:1783]: CODEX_STATE_END|seq=706701
[14:09:25][1936.03.04.24][effectbase.cpp:1783]: CODEX_STATE_BEGIN|version=2|seq=706702|origin=0
[14:09:25][1936.03.04.24][effectbase.cpp:1783]: CODEX|date= 24:00, 4 3月, 1936|tag=GER|political_power=186.412|stability=0.81|war_support=0.46942|manpower_k=1335.99|civilian_factories=36|military_factories=28|dockyards=10|research_slots=4|researching_basic_machine_tools=1|researched_basic_machine_tools=0|researching_construction1=1|researched_construction1=0|researching_electronic_mechanical_engineering=1|researched_electronic_mechanical_engineering=0|focus_completed=1|focus_progress_lower=1|focus_progress_upper=1
[14:09:25][1936.03.04.24][effectbase.cpp:1783]: CODEX_STATE_END|seq=706702
[14:09:28][1936.03.05.24][effectbase.cpp:1783]: CODEX_STATE_BEGIN|version=2|seq=706703|origin=0
[14:09:28][1936.03.05.24][effectbase.cpp:1783]: CODEX|date= 24:00, 5 3月, 1936|tag=GER|political_power=188.736|stability=0.81|war_support=0.4694|manpower_k=1335.968|civilian_factories=36|military_factories=28|dockyards=10|research_slots=4|researching_basic_machine_tools=1|researched_basic_machine_tools=0|researching_construction1=1|researched_construction1=0|researching_electronic_mechanical_engineering=1|researched_electronic_mechanical_engineering=0|focus_completed=1|focus_progress_lower=1|focus_progress_upper=1
[14:09:28][1936.03.05.24][effectbase.cpp:1783]: CODEX_STATE_END|seq=706703
[14:09:30][1936.03.06.24][effectbase.cpp:1783]: CODEX_STATE_BEGIN|version=2|seq=706704|origin=0
[14:09:30][1936.03.06.24][effectbase.cpp:1783]: CODEX|date= 24:00, 6 3月, 1936|tag=GER|political_power=191.06|stability=0.81|war_support=0.46938|manpower_k=1335.946|civilian_factories=36|military_factories=28|dockyards=10|research_slots=4|researching_basic_machine_tools=1|researched_basic_machine_tools=0|researching_construction1=1|researched_construction1=0|researching_electronic_mechanical_engineering=1|researched_electronic_mechanical_engineering=0|focus_completed=1|focus_progress_lower=1|focus_progress_upper=1
[14:09:30][1936.03.06.24][effectbase.cpp:1783]: CODEX_STATE_END|seq=706704
[14:09:33][1936.03.07.24][effectbase.cpp:1783]: CODEX_STATE_BEGIN|version=2|seq=706705|origin=0
[14:09:33][1936.03.07.24][effectbase.cpp:1783]: CODEX|date= 24:00, 7 3月, 1936|tag=GER|political_power=193.384|stability=0.81|war_support=0.46936|manpower_k=1335.946|civilian_factories=36|military_factories=28|dockyards=10|research_slots=4|researching_basic_machine_tools=1|researched_basic_machine_tools=0|researching_construction1=1|researched_construction1=0|researching_electronic_mechanical_engineering=1|researched_electronic_mechanical_engineering=0|focus_completed=1|focus_progress_lower=1|focus_progress_upper=1
[14:09:33][1936.03.07.24][effectbase.cpp:1783]: CODEX_STATE_END|seq=706705
[14:09:36][1936.03.08.24][effectbase.cpp:1783]: CODEX_STATE_BEGIN|version=2|seq=706706|origin=0
[14:09:36][1936.03.08.24][effectbase.cpp:1783]: CODEX|date= 24:00, 8 3月, 1936|tag=GER|political_power=195.708|stability=0.81|war_support=0.46934|manpower_k=1335.946|civilian_factories=36|military_factories=28|dockyards=10|research_slots=4|researching_basic_machine_tools=1|researched_basic_machine_tools=0|researching_construction1=1|researched_construction1=0|researching_electronic_mechanical_engineering=1|researched_electronic_mechanical_engineering=0|focus_completed=1|focus_progress_lower=1|focus_progress_upper=1
[14:09:36][1936.03.08.24][effectbase.cpp:1783]: CODEX_STATE_END|seq=706706
[14:09:39][1936.03.09.24][effectbase.cpp:1783]: CODEX_STATE_BEGIN|version=2|seq=706707|origin=0
[14:09:39][1936.03.09.24][effectbase.cpp:1783]: CODEX|date= 24:00, 9 3月, 1936|tag=GER|political_power=198.032|stability=0.81|war_support=0.46932|manpower_k=1335.746|civilian_factories=36|military_factories=28|dockyards=10|research_slots=4|researching_basic_machine_tools=1|researched_basic_machine_tools=0|researching_construction1=1|researched_construction1=0|researching_electronic_mechanical_engineering=1|researched_electronic_mechanical_engineering=0|focus_completed=1|focus_progress_lower=1|focus_progress_upper=1
[14:09:39][1936.03.09.24][effectbase.cpp:1783]: CODEX_STATE_END|seq=706707
[14:09:42][1936.03.10.24][effectbase.cpp:1783]: CODEX_STATE_BEGIN|version=2|seq=706708|origin=0
[14:09:42][1936.03.10.24][effectbase.cpp:1783]: CODEX|date= 24:00, 10 3月, 1936|tag=GER|political_power=200.356|stability=0.81|war_support=0.4693|manpower_k=1335.746|civilian_factories=36|military_factories=28|dockyards=10|research_slots=4|researching_basic_machine_tools=1|researched_basic_machine_tools=0|researching_construction1=1|researched_construction1=0|researching_electronic_mechanical_engineering=1|researched_electronic_mechanical_engineering=0|focus_completed=1|focus_progress_lower=1|focus_progress_upper=1
[14:09:42][1936.03.10.24][effectbase.cpp:1783]: CODEX_STATE_END|seq=706708
[14:09:44][1936.03.11.24][effectbase.cpp:1783]: CODEX_STATE_BEGIN|version=2|seq=706709|origin=0
[14:09:44][1936.03.11.24][effectbase.cpp:1783]: CODEX|date= 24:00, 11 3月, 1936|tag=GER|political_power=202.68|stability=0.81|war_support=0.46928|manpower_k=1335.746|civilian_factories=36|military_factories=28|dockyards=10|research_slots=4|researching_basic_machine_tools=1|researched_basic_machine_tools=0|researching_construction1=1|researched_construction1=0|researching_electronic_mechanical_engineering=1|researched_electronic_mechanical_engineering=0|focus_completed=1|focus_progress_lower=1|focus_progress_upper=1
[14:09:44][1936.03.11.24][effectbase.cpp:1783]: CODEX_STATE_END|seq=706709
[14:09:47][1936.03.12.24][effectbase.cpp:1783]: CODEX_STATE_BEGIN|version=2|seq=706710|origin=0
[14:09:47][1936.03.12.24][effectbase.cpp:1783]: CODEX|date= 24:00, 12 3月, 1936|tag=GER|political_power=205.004|stability=0.81|war_support=0.46926|manpower_k=1335.746|civilian_factories=36|military_factories=28|dockyards=10|research_slots=4|researching_basic_machine_tools=1|researched_basic_machine_tools=0|researching_construction1=1|researched_construction1=0|researching_electronic_mechanical_engineering=1|researched_electronic_mechanical_engineering=0|focus_completed=1|focus_progress_lower=1|focus_progress_upper=1
[14:09:47][1936.03.12.24][effectbase.cpp:1783]: CODEX_STATE_END|seq=706710
[14:09:50][1936.03.13.24][effectbase.cpp:1783]: CODEX_STATE_BEGIN|version=2|seq=706711|origin=0
[14:09:50][1936.03.13.24][effectbase.cpp:1783]: CODEX|date= 24:00, 13 3月, 1936|tag=GER|political_power=207.328|stability=0.81|war_support=0.46924|manpower_k=1335.746|civilian_factories=36|military_factories=28|dockyards=10|research_slots=4|researching_basic_machine_tools=1|researched_basic_machine_tools=0|researching_construction1=1|researched_construction1=0|researching_electronic_mechanical_engineering=1|researched_electronic_mechanical_engineering=0|focus_completed=1|focus_progress_lower=1|focus_progress_upper=1
[14:09:50][1936.03.13.24][effectbase.cpp:1783]: CODEX_STATE_END|seq=706711
[14:09:53][1936.03.14.24][effectbase.cpp:1783]: CODEX_STATE_BEGIN|version=2|seq=706712|origin=0
[14:09:53][1936.03.14.24][effectbase.cpp:1783]: CODEX|date= 24:00, 14 3月, 1936|tag=GER|political_power=209.652|stability=0.81|war_support=0.46922|manpower_k=1335.746|civilian_factories=36|military_factories=28|dockyards=10|research_slots=4|researching_basic_machine_tools=1|researched_basic_machine_tools=0|researching_construction1=1|researched_construction1=0|researching_electronic_mechanical_engineering=1|researched_electronic_mechanical_engineering=0|focus_completed=1|focus_progress_lower=1|focus_progress_upper=1
[14:09:53][1936.03.14.24][effectbase.cpp:1783]: CODEX_STATE_END|seq=706712
[14:09:56][1936.03.15.24][effectbase.cpp:1783]: CODEX_STATE_BEGIN|version=2|seq=706713|origin=0
[14:09:56][1936.03.15.24][effectbase.cpp:1783]: CODEX|date= 24:00, 15 3月, 1936|tag=GER|political_power=211.976|stability=0.81|war_support=0.4692|manpower_k=1335.746|civilian_factories=36|military_factories=28|dockyards=10|research_slots=4|researching_basic_machine_tools=1|researched_basic_machine_tools=0|researching_construction1=1|researched_construction1=0|researching_electronic_mechanical_engineering=1|researched_electronic_mechanical_engineering=0|focus_completed=1|focus_progress_lower=1|focus_progress_upper=1
[14:09:56][1936.03.15.24][effectbase.cpp:1783]: CODEX_STATE_END|seq=706713
[14:09:58][1936.03.16.24][effectbase.cpp:1783]: CODEX_STATE_BEGIN|version=2|seq=706714|origin=0
[14:09:58][1936.03.16.24][effectbase.cpp:1783]: CODEX|date= 24:00, 16 3月, 1936|tag=GER|political_power=214.3|stability=0.81|war_support=0.46918|manpower_k=1335.702|civilian_factories=36|military_factories=28|dockyards=10|research_slots=4|researching_basic_machine_tools=1|researched_basic_machine_tools=0|researching_construction1=1|researched_construction1=0|researching_electronic_mechanical_engineering=1|researched_electronic_mechanical_engineering=0|focus_completed=1|focus_progress_lower=1|focus_progress_upper=1
[14:09:58][1936.03.16.24][effectbase.cpp:1783]: CODEX_STATE_END|seq=706714
[14:10:01][1936.03.17.24][effectbase.cpp:1783]: CODEX_STATE_BEGIN|version=2|seq=706715|origin=0
[14:10:01][1936.03.17.24][effectbase.cpp:1783]: CODEX|date= 24:00, 17 3月, 1936|tag=GER|political_power=216.624|stability=0.81|war_support=0.46916|manpower_k=1335.702|civilian_factories=36|military_factories=28|dockyards=10|research_slots=4|researching_basic_machine_tools=1|researched_basic_machine_tools=0|researching_construction1=1|researched_construction1=0|researching_electronic_mechanical_engineering=1|researched_electronic_mechanical_engineering=0|focus_completed=1|focus_progress_lower=1|focus_progress_upper=1
[14:10:01][1936.03.17.24][effectbase.cpp:1783]: CODEX_STATE_END|seq=706715
[14:10:04][1936.03.18.24][effectbase.cpp:1783]: CODEX_STATE_BEGIN|version=2|seq=706716|origin=0
[14:10:04][1936.03.18.24][effectbase.cpp:1783]: CODEX|date= 24:00, 18 3月, 1936|tag=GER|political_power=218.948|stability=0.81|war_support=0.46914|manpower_k=1335.658|civilian_factories=36|military_factories=28|dockyards=10|research_slots=4|researching_basic_machine_tools=1|researched_basic_machine_tools=0|researching_construction1=1|researched_construction1=0|researching_electronic_mechanical_engineering=1|researched_electronic_mechanical_engineering=0|focus_completed=1|focus_progress_lower=1|focus_progress_upper=1
[14:10:04][1936.03.18.24][effectbase.cpp:1783]: CODEX_STATE_END|seq=706716
[14:10:07][1936.03.19.24][effectbase.cpp:1783]: CODEX_STATE_BEGIN|version=2|seq=706717|origin=0
[14:10:07][1936.03.19.24][effectbase.cpp:1783]: CODEX|date= 24:00, 19 3月, 1936|tag=GER|political_power=221.272|stability=0.81|war_support=0.46912|manpower_k=1335.658|civilian_factories=36|military_factories=28|dockyards=10|research_slots=4|researching_basic_machine_tools=1|researched_basic_machine_tools=0|researching_construction1=1|researched_construction1=0|researching_electronic_mechanical_engineering=1|researched_electronic_mechanical_engineering=0|focus_completed=1|focus_progress_lower=1|focus_progress_upper=1
[14:10:07][1936.03.19.24][effectbase.cpp:1783]: CODEX_STATE_END|seq=706717
[14:10:10][1936.03.20.24][effectbase.cpp:1783]: CODEX_STATE_BEGIN|version=2|seq=706718|origin=0
[14:10:10][1936.03.20.24][effectbase.cpp:1783]: CODEX|date= 24:00, 20 3月, 1936|tag=GER|political_power=223.596|stability=0.81|war_support=0.4691|manpower_k=1335.658|civilian_factories=36|military_factories=28|dockyards=10|research_slots=4|researching_basic_machine_tools=1|researched_basic_machine_tools=0|researching_construction1=1|researched_construction1=0|researching_electronic_mechanical_engineering=1|researched_electronic_mechanical_engineering=0|focus_completed=1|focus_progress_lower=1|focus_progress_upper=1
[14:10:10][1936.03.20.24][effectbase.cpp:1783]: CODEX_STATE_END|seq=706718
[14:10:12][1936.03.21.24][effectbase.cpp:1783]: CODEX_STATE_BEGIN|version=2|seq=706719|origin=0
[14:10:12][1936.03.21.24][effectbase.cpp:1783]: CODEX|date= 24:00, 21 3月, 1936|tag=GER|political_power=225.92|stability=0.81|war_support=0.46908|manpower_k=1335.658|civilian_factories=36|military_factories=28|dockyards=10|research_slots=4|researching_basic_machine_tools=1|researched_basic_machine_tools=0|researching_construction1=1|researched_construction1=0|researching_electronic_mechanical_engineering=1|researched_electronic_mechanical_engineering=0|focus_completed=1|focus_progress_lower=1|focus_progress_upper=1
[14:10:12][1936.03.21.24][effectbase.cpp:1783]: CODEX_STATE_END|seq=706719
[14:10:15][1936.03.22.24][effectbase.cpp:1783]: CODEX_STATE_BEGIN|version=2|seq=706720|origin=0
[14:10:15][1936.03.22.24][effectbase.cpp:1783]: CODEX|date= 24:00, 22 3月, 1936|tag=GER|political_power=228.244|stability=0.81|war_support=0.46906|manpower_k=1335.658|civilian_factories=36|military_factories=28|dockyards=10|research_slots=4|researching_basic_machine_tools=1|researched_basic_machine_tools=0|researching_construction1=1|researched_construction1=0|researching_electronic_mechanical_engineering=1|researched_electronic_mechanical_engineering=0|focus_completed=1|focus_progress_lower=1|focus_progress_upper=1
[14:10:15][1936.03.22.24][effectbase.cpp:1783]: CODEX_STATE_END|seq=706720
[14:10:18][1936.03.23.24][effectbase.cpp:1783]: CODEX_STATE_BEGIN|version=2|seq=706721|origin=0
[14:10:18][1936.03.23.24][effectbase.cpp:1783]: CODEX|date= 24:00, 23 3月, 1936|tag=GER|political_power=230.568|stability=0.81|war_support=0.46904|manpower_k=1335.658|civilian_factories=36|military_factories=28|dockyards=10|research_slots=4|researching_basic_machine_tools=1|researched_basic_machine_tools=0|researching_construction1=1|researched_construction1=0|researching_electronic_mechanical_engineering=1|researched_electronic_mechanical_engineering=0|focus_completed=1|focus_progress_lower=1|focus_progress_upper=1
[14:10:18][1936.03.23.24][effectbase.cpp:1783]: CODEX_STATE_END|seq=706721
[14:10:21][1936.03.24.24][effectbase.cpp:1783]: CODEX_STATE_BEGIN|version=2|seq=706722|origin=0
[14:10:21][1936.03.24.24][effectbase.cpp:1783]: CODEX|date= 24:00, 24 3月, 1936|tag=GER|political_power=232.892|stability=0.81|war_support=0.46902|manpower_k=1335.458|civilian_factories=36|military_factories=28|dockyards=10|research_slots=4|researching_basic_machine_tools=1|researched_basic_machine_tools=0|researching_construction1=1|researched_construction1=0|researching_electronic_mechanical_engineering=1|researched_electronic_mechanical_engineering=0|focus_completed=1|focus_progress_lower=1|focus_progress_upper=1
[14:10:21][1936.03.24.24][effectbase.cpp:1783]: CODEX_STATE_END|seq=706722
[14:10:24][1936.03.25.24][effectbase.cpp:1783]: CODEX_STATE_BEGIN|version=2|seq=706723|origin=0
[14:10:24][1936.03.25.24][effectbase.cpp:1783]: CODEX|date= 24:00, 25 3月, 1936|tag=GER|political_power=235.216|stability=0.81|war_support=0.469|manpower_k=1335.436|civilian_factories=36|military_factories=28|dockyards=10|research_slots=4|researching_basic_machine_tools=1|researched_basic_machine_tools=0|researching_construction1=1|researched_construction1=0|researching_electronic_mechanical_engineering=1|researched_electronic_mechanical_engineering=0|focus_completed=1|focus_progress_lower=1|focus_progress_upper=1
[14:10:24][1936.03.25.24][effectbase.cpp:1783]: CODEX_STATE_END|seq=706723
[14:10:26][1936.03.26.24][effectbase.cpp:1783]: CODEX_STATE_BEGIN|version=2|seq=706724|origin=0
[14:10:26][1936.03.26.24][effectbase.cpp:1783]: CODEX|date= 24:00, 26 3月, 1936|tag=GER|political_power=237.54|stability=0.81|war_support=0.46898|manpower_k=1335.414|civilian_factories=36|military_factories=28|dockyards=10|research_slots=4|researching_basic_machine_tools=1|researched_basic_machine_tools=0|researching_construction1=1|researched_construction1=0|researching_electronic_mechanical_engineering=1|researched_electronic_mechanical_engineering=0|focus_completed=1|focus_progress_lower=1|focus_progress_upper=1
[14:10:26][1936.03.26.24][effectbase.cpp:1783]: CODEX_STATE_END|seq=706724
[14:10:29][1936.03.27.24][effectbase.cpp:1783]: CODEX_STATE_BEGIN|version=2|seq=706725|origin=0
[14:10:29][1936.03.27.24][effectbase.cpp:1783]: CODEX|date= 24:00, 27 3月, 1936|tag=GER|political_power=239.864|stability=0.81|war_support=0.46896|manpower_k=1335.414|civilian_factories=36|military_factories=28|dockyards=10|research_slots=4|researching_basic_machine_tools=1|researched_basic_machine_tools=0|researching_construction1=1|researched_construction1=0|researching_electronic_mechanical_engineering=1|researched_electronic_mechanical_engineering=0|focus_completed=1|focus_progress_lower=1|focus_progress_upper=1
[14:10:29][1936.03.27.24][effectbase.cpp:1783]: CODEX_STATE_END|seq=706725
[14:10:32][1936.03.28.24][effectbase.cpp:1783]: CODEX_STATE_BEGIN|version=2|seq=706726|origin=0
[14:10:32][1936.03.28.24][effectbase.cpp:1783]: CODEX|date= 24:00, 28 3月, 1936|tag=GER|political_power=242.188|stability=0.81|war_support=0.46894|manpower_k=1335.414|civilian_factories=36|military_factories=28|dockyards=10|research_slots=4|researching_basic_machine_tools=1|researched_basic_machine_tools=0|researching_construction1=1|researched_construction1=0|researching_electronic_mechanical_engineering=1|researched_electronic_mechanical_engineering=0|focus_completed=1|focus_progress_lower=1|focus_progress_upper=1
[14:10:32][1936.03.28.24][effectbase.cpp:1783]: CODEX_STATE_END|seq=706726
[14:10:35][1936.03.29.24][effectbase.cpp:1783]: CODEX_STATE_BEGIN|version=2|seq=706727|origin=0
[14:10:35][1936.03.29.24][effectbase.cpp:1783]: CODEX|date= 24:00, 29 3月, 1936|tag=GER|political_power=244.512|stability=0.81|war_support=0.46892|manpower_k=1335.414|civilian_factories=36|military_factories=28|dockyards=10|research_slots=4|researching_basic_machine_tools=1|researched_basic_machine_tools=0|researching_construction1=1|researched_construction1=0|researching_electronic_mechanical_engineering=1|researched_electronic_mechanical_engineering=0|focus_completed=1|focus_progress_lower=1|focus_progress_upper=1
[14:10:35][1936.03.29.24][effectbase.cpp:1783]: CODEX_STATE_END|seq=706727
[14:10:38][1936.03.30.24][effectbase.cpp:1783]: CODEX_STATE_BEGIN|version=2|seq=706728|origin=0
[14:10:38][1936.03.30.24][effectbase.cpp:1783]: CODEX|date= 24:00, 30 3月, 1936|tag=GER|political_power=246.836|stability=0.81|war_support=0.4689|manpower_k=1335.414|civilian_factories=36|military_factories=28|dockyards=10|research_slots=4|researching_basic_machine_tools=1|researched_basic_machine_tools=0|researching_construction1=1|researched_construction1=0|researching_electronic_mechanical_engineering=1|researched_electronic_mechanical_engineering=0|focus_completed=1|focus_progress_lower=1|focus_progress_upper=1
[14:10:38][1936.03.30.24][effectbase.cpp:1783]: CODEX_STATE_END|seq=706728
[14:10:40][1936.03.31.24][effectbase.cpp:1783]: CODEX_STATE_BEGIN|version=2|seq=706729|origin=0
[14:10:40][1936.03.31.24][effectbase.cpp:1783]: CODEX|date= 24:00, 31 3月, 1936|tag=GER|political_power=249.16|stability=0.81|war_support=0.46888|manpower_k=1335.414|civilian_factories=36|military_factories=28|dockyards=10|research_slots=4|researching_basic_machine_tools=1|researched_basic_machine_tools=0|researching_construction1=1|researched_construction1=0|researching_electronic_mechanical_engineering=1|researched_electronic_mechanical_engineering=0|focus_completed=1|focus_progress_lower=1|focus_progress_upper=1
[14:10:40][1936.03.31.24][effectbase.cpp:1783]: CODEX_STATE_END|seq=706729
[14:10:43][1936.04.01.24][effectbase.cpp:1783]: CODEX_STATE_BEGIN|version=2|seq=706730|origin=0
[14:10:43][1936.04.01.24][effectbase.cpp:1783]: CODEX|date= 24:00, 1 4月, 1936|tag=GER|political_power=251.484|stability=0.81|war_support=0.46886|manpower_k=1337.47|civilian_factories=36|military_factories=28|dockyards=10|research_slots=4|researching_basic_machine_tools=1|researched_basic_machine_tools=0|researching_construction1=1|researched_construction1=0|researching_electronic_mechanical_engineering=1|researched_electronic_mechanical_engineering=0|focus_completed=1|focus_progress_lower=1|focus_progress_upper=1
[14:10:43][1936.04.01.24][effectbase.cpp:1783]: CODEX_STATE_END|seq=706730
[14:10:46][1936.04.02.24][effectbase.cpp:1783]: CODEX_STATE_BEGIN|version=2|seq=706731|origin=0
[14:10:46][1936.04.02.24][effectbase.cpp:1783]: CODEX|date= 24:00, 2 4月, 1936|tag=GER|political_power=253.808|stability=0.81|war_support=0.46884|manpower_k=1337.47|civilian_factories=36|military_factories=28|dockyards=10|research_slots=4|researching_basic_machine_tools=1|researched_basic_machine_tools=0|researching_construction1=1|researched_construction1=0|researching_electronic_mechanical_engineering=1|researched_electronic_mechanical_engineering=0|focus_completed=1|focus_progress_lower=1|focus_progress_upper=1
[14:10:46][1936.04.02.24][effectbase.cpp:1783]: CODEX_STATE_END|seq=706731
[14:10:49][1936.04.03.24][effectbase.cpp:1783]: CODEX_STATE_BEGIN|version=2|seq=706732|origin=0
[14:10:49][1936.04.03.24][effectbase.cpp:1783]: CODEX|date= 24:00, 3 4月, 1936|tag=GER|political_power=256.132|stability=0.81|war_support=0.46882|manpower_k=1337.47|civilian_factories=36|military_factories=28|dockyards=10|research_slots=4|researching_basic_machine_tools=1|researched_basic_machine_tools=0|researching_construction1=1|researched_construction1=0|researching_electronic_mechanical_engineering=1|researched_electronic_mechanical_engineering=0|focus_completed=1|focus_progress_lower=1|focus_progress_upper=1
[14:10:49][1936.04.03.24][effectbase.cpp:1783]: CODEX_STATE_END|seq=706732
[14:10:52][1936.04.04.24][effectbase.cpp:1783]: CODEX_STATE_BEGIN|version=2|seq=706733|origin=0
[14:10:52][1936.04.04.24][effectbase.cpp:1783]: CODEX|date= 24:00, 4 4月, 1936|tag=GER|political_power=258.456|stability=0.81|war_support=0.4688|manpower_k=1337.448|civilian_factories=36|military_factories=28|dockyards=10|research_slots=4|researching_basic_machine_tools=1|researched_basic_machine_tools=0|researching_construction1=1|researched_construction1=0|researching_electronic_mechanical_engineering=1|researched_electronic_mechanical_engineering=0|focus_completed=1|focus_progress_lower=1|focus_progress_upper=1
[14:10:52][1936.04.04.24][effectbase.cpp:1783]: CODEX_STATE_END|seq=706733
[14:10:55][1936.04.05.24][effectbase.cpp:1783]: CODEX_STATE_BEGIN|version=2|seq=706734|origin=0
[14:10:55][1936.04.05.24][effectbase.cpp:1783]: CODEX|date= 24:00, 5 4月, 1936|tag=GER|political_power=260.78|stability=0.81|war_support=0.46878|manpower_k=1337.448|civilian_factories=36|military_factories=28|dockyards=10|research_slots=4|researching_basic_machine_tools=1|researched_basic_machine_tools=0|researching_construction1=1|researched_construction1=0|researching_electronic_mechanical_engineering=1|researched_electronic_mechanical_engineering=0|focus_completed=1|focus_progress_lower=1|focus_progress_upper=1
[14:10:55][1936.04.05.24][effectbase.cpp:1783]: CODEX_STATE_END|seq=706734
[14:10:57][1936.04.06.24][effectbase.cpp:1783]: CODEX_STATE_BEGIN|version=2|seq=706735|origin=0
[14:10:57][1936.04.06.24][effectbase.cpp:1783]: CODEX|date= 24:00, 6 4月, 1936|tag=GER|political_power=263.104|stability=0.81|war_support=0.46876|manpower_k=1337.426|civilian_factories=36|military_factories=28|dockyards=10|research_slots=4|researching_basic_machine_tools=1|researched_basic_machine_tools=0|researching_construction1=1|researched_construction1=0|researching_electronic_mechanical_engineering=1|researched_electronic_mechanical_engineering=0|focus_completed=1|focus_progress_lower=1|focus_progress_upper=1
[14:10:57][1936.04.06.24][effectbase.cpp:1783]: CODEX_STATE_END|seq=706735
[14:11:00][1936.04.07.24][effectbase.cpp:1783]: CODEX_STATE_BEGIN|version=2|seq=706736|origin=0
[14:11:00][1936.04.07.24][effectbase.cpp:1783]: CODEX|date= 24:00, 7 4月, 1936|tag=GER|political_power=265.428|stability=0.81|war_support=0.46874|manpower_k=1337.426|civilian_factories=36|military_factories=28|dockyards=10|research_slots=4|researching_basic_machine_tools=1|researched_basic_machine_tools=0|researching_construction1=1|researched_construction1=0|researching_electronic_mechanical_engineering=1|researched_electronic_mechanical_engineering=0|focus_completed=1|focus_progress_lower=1|focus_progress_upper=1
[14:11:00][1936.04.07.24][effectbase.cpp:1783]: CODEX_STATE_END|seq=706736
[14:11:03][1936.04.08.24][effectbase.cpp:1783]: CODEX_STATE_BEGIN|version=2|seq=706737|origin=0
[14:11:03][1936.04.08.24][effectbase.cpp:1783]: CODEX|date= 24:00, 8 4月, 1936|tag=GER|political_power=267.752|stability=0.81|war_support=0.46872|manpower_k=1337.426|civilian_factories=36|military_factories=28|dockyards=10|research_slots=4|researching_basic_machine_tools=1|researched_basic_machine_tools=0|researching_construction1=1|researched_construction1=0|researching_electronic_mechanical_engineering=1|researched_electronic_mechanical_engineering=0|focus_completed=1|focus_progress_lower=1|focus_progress_upper=1
[14:11:03][1936.04.08.24][effectbase.cpp:1783]: CODEX_STATE_END|seq=706737
[14:11:06][1936.04.09.24][effectbase.cpp:1783]: CODEX_STATE_BEGIN|version=2|seq=706738|origin=0
[14:11:06][1936.04.09.24][effectbase.cpp:1783]: CODEX|date= 24:00, 9 4月, 1936|tag=GER|political_power=270.076|stability=0.81|war_support=0.4687|manpower_k=1337.426|civilian_factories=36|military_factories=28|dockyards=10|research_slots=4|researching_basic_machine_tools=1|researched_basic_machine_tools=0|researching_construction1=1|researched_construction1=0|researching_electronic_mechanical_engineering=1|researched_electronic_mechanical_engineering=0|focus_completed=1|focus_progress_lower=1|focus_progress_upper=1
[14:11:06][1936.04.09.24][effectbase.cpp:1783]: CODEX_STATE_END|seq=706738
[14:11:09][1936.04.10.24][effectbase.cpp:1783]: CODEX_STATE_BEGIN|version=2|seq=706739|origin=0
[14:11:09][1936.04.10.24][effectbase.cpp:1783]: CODEX|date= 24:00, 10 4月, 1936|tag=GER|political_power=272.4|stability=0.81|war_support=0.46868|manpower_k=1337.426|civilian_factories=36|military_factories=28|dockyards=10|research_slots=4|researching_basic_machine_tools=1|researched_basic_machine_tools=0|researching_construction1=1|researched_construction1=0|researching_electronic_mechanical_engineering=1|researched_electronic_mechanical_engineering=0|focus_completed=1|focus_progress_lower=1|focus_progress_upper=1
[14:11:09][1936.04.10.24][effectbase.cpp:1783]: CODEX_STATE_END|seq=706739
[14:11:12][1936.04.11.24][effectbase.cpp:1783]: CODEX_STATE_BEGIN|version=2|seq=706740|origin=0
[14:11:12][1936.04.11.24][effectbase.cpp:1783]: CODEX|date= 24:00, 11 4月, 1936|tag=GER|political_power=274.724|stability=0.81|war_support=0.46866|manpower_k=1337.126|civilian_factories=36|military_factories=28|dockyards=10|research_slots=4|researching_basic_machine_tools=1|researched_basic_machine_tools=0|researching_construction1=1|researched_construction1=0|researching_electronic_mechanical_engineering=1|researched_electronic_mechanical_engineering=0|focus_completed=1|focus_progress_lower=1|focus_progress_upper=1
[14:11:12][1936.04.11.24][effectbase.cpp:1783]: CODEX_STATE_END|seq=706740
[14:11:14][1936.04.12.24][effectbase.cpp:1783]: CODEX_STATE_BEGIN|version=2|seq=706741|origin=0
[14:11:14][1936.04.12.24][effectbase.cpp:1783]: CODEX|date= 24:00, 12 4月, 1936|tag=GER|political_power=277.048|stability=0.81|war_support=0.46864|manpower_k=1337.126|civilian_factories=36|military_factories=28|dockyards=10|research_slots=4|researching_basic_machine_tools=1|researched_basic_machine_tools=0|researching_construction1=1|researched_construction1=0|researching_electronic_mechanical_engineering=1|researched_electronic_mechanical_engineering=0|focus_completed=1|focus_progress_lower=1|focus_progress_upper=1
[14:11:14][1936.04.12.24][effectbase.cpp:1783]: CODEX_STATE_END|seq=706741
[14:11:17][1936.04.13.24][effectbase.cpp:1783]: CODEX_STATE_BEGIN|version=2|seq=706742|origin=0
[14:11:17][1936.04.13.24][effectbase.cpp:1783]: CODEX|date= 24:00, 13 4月, 1936|tag=GER|political_power=279.372|stability=0.81|war_support=0.46862|manpower_k=1337.06|civilian_factories=36|military_factories=28|dockyards=10|research_slots=4|researching_basic_machine_tools=1|researched_basic_machine_tools=0|researching_construction1=1|researched_construction1=0|researching_electronic_mechanical_engineering=1|researched_electronic_mechanical_engineering=0|focus_completed=1|focus_progress_lower=1|focus_progress_upper=1
[14:11:17][1936.04.13.24][effectbase.cpp:1783]: CODEX_STATE_END|seq=706742
[14:11:20][1936.04.14.24][effectbase.cpp:1783]: CODEX_STATE_BEGIN|version=2|seq=706743|origin=0
[14:11:20][1936.04.14.24][effectbase.cpp:1783]: CODEX|date= 24:00, 14 4月, 1936|tag=GER|political_power=281.696|stability=0.81|war_support=0.4686|manpower_k=1337.06|civilian_factories=36|military_factories=28|dockyards=10|research_slots=4|researching_basic_machine_tools=1|researched_basic_machine_tools=0|researching_construction1=1|researched_construction1=0|researching_electronic_mechanical_engineering=1|researched_electronic_mechanical_engineering=0|focus_completed=1|focus_progress_lower=1|focus_progress_upper=1
[14:11:20][1936.04.14.24][effectbase.cpp:1783]: CODEX_STATE_END|seq=706743
[14:11:23][1936.04.15.24][effectbase.cpp:1783]: CODEX_STATE_BEGIN|version=2|seq=706744|origin=0
[14:11:23][1936.04.15.24][effectbase.cpp:1783]: CODEX|date= 24:00, 15 4月, 1936|tag=GER|political_power=284.02|stability=0.81|war_support=0.46858|manpower_k=1337.06|civilian_factories=36|military_factories=28|dockyards=10|research_slots=4|researching_basic_machine_tools=1|researched_basic_machine_tools=0|researching_construction1=1|researched_construction1=0|researching_electronic_mechanical_engineering=1|researched_electronic_mechanical_engineering=0|focus_completed=1|focus_progress_lower=1|focus_progress_upper=1
[14:11:23][1936.04.15.24][effectbase.cpp:1783]: CODEX_STATE_END|seq=706744
[14:11:26][1936.04.16.24][effectbase.cpp:1783]: CODEX_STATE_BEGIN|version=2|seq=706745|origin=0
[14:11:26][1936.04.16.24][effectbase.cpp:1783]: CODEX|date= 24:00, 16 4月, 1936|tag=GER|political_power=286.344|stability=0.81|war_support=0.46856|manpower_k=1337.06|civilian_factories=36|military_factories=28|dockyards=10|research_slots=4|researching_basic_machine_tools=1|researched_basic_machine_tools=0|researching_construction1=1|researched_construction1=0|researching_electronic_mechanical_engineering=1|researched_electronic_mechanical_engineering=0|focus_completed=1|focus_progress_lower=1|focus_progress_upper=1
[14:11:26][1936.04.16.24][effectbase.cpp:1783]: CODEX_STATE_END|seq=706745
[14:11:28][1936.04.17.24][effectbase.cpp:1783]: CODEX_STATE_BEGIN|version=2|seq=706746|origin=0
[14:11:28][1936.04.17.24][effectbase.cpp:1783]: CODEX|date= 24:00, 17 4月, 1936|tag=GER|political_power=288.668|stability=0.81|war_support=0.46854|manpower_k=1337.038|civilian_factories=36|military_factories=28|dockyards=10|research_slots=4|researching_basic_machine_tools=1|researched_basic_machine_tools=0|researching_construction1=1|researched_construction1=0|researching_electronic_mechanical_engineering=1|researched_electronic_mechanical_engineering=0|focus_completed=1|focus_progress_lower=1|focus_progress_upper=1
[14:11:28][1936.04.17.24][effectbase.cpp:1783]: CODEX_STATE_END|seq=706746
[14:11:31][1936.04.18.24][effectbase.cpp:1783]: CODEX_STATE_BEGIN|version=2|seq=706747|origin=0
[14:11:31][1936.04.18.24][effectbase.cpp:1783]: CODEX|date= 24:00, 18 4月, 1936|tag=GER|political_power=290.992|stability=0.81|war_support=0.46852|manpower_k=1337.038|civilian_factories=36|military_factories=28|dockyards=10|research_slots=4|researching_basic_machine_tools=1|researched_basic_machine_tools=0|researching_construction1=1|researched_construction1=0|researching_electronic_mechanical_engineering=1|researched_electronic_mechanical_engineering=0|focus_completed=1|focus_progress_lower=1|focus_progress_upper=1
[14:11:31][1936.04.18.24][effectbase.cpp:1783]: CODEX_STATE_END|seq=706747
[14:11:34][1936.04.19.24][effectbase.cpp:1783]: CODEX_STATE_BEGIN|version=2|seq=706748|origin=0
[14:11:34][1936.04.19.24][effectbase.cpp:1783]: CODEX|date= 24:00, 19 4月, 1936|tag=GER|political_power=293.316|stability=0.81|war_support=0.4685|manpower_k=1335.838|civilian_factories=36|military_factories=28|dockyards=10|research_slots=4|researching_basic_machine_tools=1|researched_basic_machine_tools=0|researching_construction1=1|researched_construction1=0|researching_electronic_mechanical_engineering=0|researched_electronic_mechanical_engineering=1|focus_completed=1|focus_progress_lower=1|focus_progress_upper=1
[14:11:34][1936.04.19.24][effectbase.cpp:1783]: CODEX_STATE_END|seq=706748
[14:11:37][1936.04.20.24][effectbase.cpp:1783]: CODEX_STATE_BEGIN|version=2|seq=706749|origin=0
[14:11:37][1936.04.20.24][effectbase.cpp:1783]: CODEX|date= 24:00, 20 4月, 1936|tag=GER|political_power=295.64|stability=0.81|war_support=0.46848|manpower_k=1335.838|civilian_factories=36|military_factories=28|dockyards=10|research_slots=4|researching_basic_machine_tools=1|researched_basic_machine_tools=0|researching_construction1=1|researched_construction1=0|researching_electronic_mechanical_engineering=0|researched_electronic_mechanical_engineering=1|focus_completed=1|focus_progress_lower=1|focus_progress_upper=1
[14:11:37][1936.04.20.24][effectbase.cpp:1783]: CODEX_STATE_END|seq=706749
[14:11:40][1936.04.21.24][effectbase.cpp:1783]: CODEX_STATE_BEGIN|version=2|seq=706750|origin=0
[14:11:40][1936.04.21.24][effectbase.cpp:1783]: CODEX|date= 24:00, 21 4月, 1936|tag=GER|political_power=297.964|stability=0.81|war_support=0.46846|manpower_k=1335.838|civilian_factories=36|military_factories=28|dockyards=10|research_slots=4|researching_basic_machine_tools=1|researched_basic_machine_tools=0|researching_construction1=1|researched_construction1=0|researching_electronic_mechanical_engineering=0|researched_electronic_mechanical_engineering=1|focus_completed=1|focus_progress_lower=1|focus_progress_upper=1
[14:11:40][1936.04.21.24][effectbase.cpp:1783]: CODEX_STATE_END|seq=706750
[14:11:42][1936.04.22.24][effectbase.cpp:1783]: CODEX_STATE_BEGIN|version=2|seq=706751|origin=0
[14:11:42][1936.04.22.24][effectbase.cpp:1783]: CODEX|date= 24:00, 22 4月, 1936|tag=GER|political_power=300.288|stability=0.81|war_support=0.46844|manpower_k=1335.816|civilian_factories=36|military_factories=28|dockyards=10|research_slots=4|researching_basic_machine_tools=1|researched_basic_machine_tools=0|researching_construction1=1|researched_construction1=0|researching_electronic_mechanical_engineering=0|researched_electronic_mechanical_engineering=1|focus_completed=1|focus_progress_lower=1|focus_progress_upper=1
[14:11:42][1936.04.22.24][effectbase.cpp:1783]: CODEX_STATE_END|seq=706751
[14:11:45][1936.04.23.24][effectbase.cpp:1783]: CODEX_STATE_BEGIN|version=2|seq=706752|origin=0
[14:11:45][1936.04.23.24][effectbase.cpp:1783]: CODEX|date= 24:00, 23 4月, 1936|tag=GER|political_power=302.612|stability=0.81|war_support=0.46842|manpower_k=1335.816|civilian_factories=36|military_factories=28|dockyards=10|research_slots=4|researching_basic_machine_tools=1|researched_basic_machine_tools=0|researching_construction1=1|researched_construction1=0|researching_electronic_mechanical_engineering=0|researched_electronic_mechanical_engineering=1|focus_completed=1|focus_progress_lower=1|focus_progress_upper=1
[14:11:45][1936.04.23.24][effectbase.cpp:1783]: CODEX_STATE_END|seq=706752
[14:11:48][1936.04.24.24][effectbase.cpp:1783]: CODEX_STATE_BEGIN|version=2|seq=706753|origin=0
[14:11:48][1936.04.24.24][effectbase.cpp:1783]: CODEX|date= 24:00, 24 4月, 1936|tag=GER|political_power=304.936|stability=0.81|war_support=0.4684|manpower_k=1335.816|civilian_factories=36|military_factories=28|dockyards=10|research_slots=4|researching_basic_machine_tools=1|researched_basic_machine_tools=0|researching_construction1=1|researched_construction1=0|researching_electronic_mechanical_engineering=0|researched_electronic_mechanical_engineering=1|focus_completed=1|focus_progress_lower=1|focus_progress_upper=1
[14:11:48][1936.04.24.24][effectbase.cpp:1783]: CODEX_STATE_END|seq=706753
[14:11:51][1936.04.25.24][effectbase.cpp:1783]: CODEX_STATE_BEGIN|version=2|seq=706754|origin=0
[14:11:51][1936.04.25.24][effectbase.cpp:1783]: CODEX|date= 24:00, 25 4月, 1936|tag=GER|political_power=307.26|stability=0.81|war_support=0.46838|manpower_k=1335.816|civilian_factories=36|military_factories=28|dockyards=10|research_slots=4|researching_basic_machine_tools=1|researched_basic_machine_tools=0|researching_construction1=1|researched_construction1=0|researching_electronic_mechanical_engineering=0|researched_electronic_mechanical_engineering=1|focus_completed=1|focus_progress_lower=1|focus_progress_upper=1
[14:11:51][1936.04.25.24][effectbase.cpp:1783]: CODEX_STATE_END|seq=706754
[14:11:54][1936.04.26.24][effectbase.cpp:1783]: CODEX_STATE_BEGIN|version=2|seq=706755|origin=0
[14:11:54][1936.04.26.24][effectbase.cpp:1783]: CODEX|date= 24:00, 26 4月, 1936|tag=GER|political_power=309.584|stability=0.81|war_support=0.46836|manpower_k=1335.816|civilian_factories=36|military_factories=28|dockyards=10|research_slots=4|researching_basic_machine_tools=1|researched_basic_machine_tools=0|researching_construction1=1|researched_construction1=0|researching_electronic_mechanical_engineering=0|researched_electronic_mechanical_engineering=1|focus_completed=1|focus_progress_lower=1|focus_progress_upper=1
[14:11:54][1936.04.26.24][effectbase.cpp:1783]: CODEX_STATE_END|seq=706755
[14:11:56][1936.04.27.24][effectbase.cpp:1783]: CODEX_STATE_BEGIN|version=2|seq=706756|origin=0
[14:11:56][1936.04.27.24][effectbase.cpp:1783]: CODEX|date= 24:00, 27 4月, 1936|tag=GER|political_power=311.908|stability=0.81|war_support=0.46834|manpower_k=1335.816|civilian_factories=36|military_factories=28|dockyards=10|research_slots=4|researching_basic_machine_tools=1|researched_basic_machine_tools=0|researching_construction1=1|researched_construction1=0|researching_electronic_mechanical_engineering=0|researched_electronic_mechanical_engineering=1|focus_completed=1|focus_progress_lower=1|focus_progress_upper=1
[14:11:56][1936.04.27.24][effectbase.cpp:1783]: CODEX_STATE_END|seq=706756
[14:11:59][1936.04.28.24][effectbase.cpp:1783]: CODEX_STATE_BEGIN|version=2|seq=706757|origin=0
[14:11:59][1936.04.28.24][effectbase.cpp:1783]: CODEX|date= 24:00, 28 4月, 1936|tag=GER|political_power=314.232|stability=0.81|war_support=0.46832|manpower_k=1335.794|civilian_factories=36|military_factories=28|dockyards=10|research_slots=4|researching_basic_machine_tools=1|researched_basic_machine_tools=0|researching_construction1=1|researched_construction1=0|researching_electronic_mechanical_engineering=0|researched_electronic_mechanical_engineering=1|focus_completed=1|focus_progress_lower=1|focus_progress_upper=1
[14:11:59][1936.04.28.24][effectbase.cpp:1783]: CODEX_STATE_END|seq=706757
[14:12:02][1936.04.29.24][effectbase.cpp:1783]: CODEX_STATE_BEGIN|version=2|seq=706758|origin=0
[14:12:02][1936.04.29.24][effectbase.cpp:1783]: CODEX|date= 24:00, 29 4月, 1936|tag=GER|political_power=316.556|stability=0.81|war_support=0.4683|manpower_k=1335.794|civilian_factories=36|military_factories=28|dockyards=10|research_slots=4|researching_basic_machine_tools=1|researched_basic_machine_tools=0|researching_construction1=1|researched_construction1=0|researching_electronic_mechanical_engineering=0|researched_electronic_mechanical_engineering=1|focus_completed=1|focus_progress_lower=1|focus_progress_upper=1
[14:12:02][1936.04.29.24][effectbase.cpp:1783]: CODEX_STATE_END|seq=706758
[14:12:05][1936.04.30.24][effectbase.cpp:1783]: CODEX_STATE_BEGIN|version=2|seq=706759|origin=0
[14:12:05][1936.04.30.24][effectbase.cpp:1783]: CODEX|date= 24:00, 30 4月, 1936|tag=GER|political_power=318.88|stability=0.81|war_support=0.46828|manpower_k=1335.794|civilian_factories=36|military_factories=28|dockyards=10|research_slots=4|researching_basic_machine_tools=1|researched_basic_machine_tools=0|researching_construction1=1|researched_construction1=0|researching_electronic_mechanical_engineering=0|researched_electronic_mechanical_engineering=1|focus_completed=1|focus_progress_lower=1|focus_progress_upper=1
[14:12:05][1936.04.30.24][effectbase.cpp:1783]: CODEX_STATE_END|seq=706759
[14:12:08][1936.05.01.24][effectbase.cpp:1783]: CODEX_STATE_BEGIN|version=2|seq=706760|origin=0
[14:12:08][1936.05.01.24][effectbase.cpp:1783]: CODEX|date= 24:00, 1 5月, 1936|tag=GER|political_power=321.204|stability=0.81|war_support=0.46826|manpower_k=1337.852|civilian_factories=36|military_factories=28|dockyards=10|research_slots=4|researching_basic_machine_tools=1|researched_basic_machine_tools=0|researching_construction1=1|researched_construction1=0|researching_electronic_mechanical_engineering=0|researched_electronic_mechanical_engineering=1|focus_completed=1|focus_progress_lower=1|focus_progress_upper=1
[14:12:08][1936.05.01.24][effectbase.cpp:1783]: CODEX_STATE_END|seq=706760
[14:12:11][1936.05.02.24][effectbase.cpp:1783]: CODEX_STATE_BEGIN|version=2|seq=706761|origin=0
[14:12:11][1936.05.02.24][effectbase.cpp:1783]: CODEX|date= 24:00, 2 5月, 1936|tag=GER|political_power=323.528|stability=0.81|war_support=0.46824|manpower_k=1337.83|civilian_factories=36|military_factories=28|dockyards=10|research_slots=4|researching_basic_machine_tools=1|researched_basic_machine_tools=0|researching_construction1=1|researched_construction1=0|researching_electronic_mechanical_engineering=0|researched_electronic_mechanical_engineering=1|focus_completed=1|focus_progress_lower=1|focus_progress_upper=1
[14:12:11][1936.05.02.24][effectbase.cpp:1783]: CODEX_STATE_END|seq=706761
[14:12:14][1936.05.03.24][effectbase.cpp:1783]: CODEX_STATE_BEGIN|version=2|seq=706762|origin=0
[14:12:14][1936.05.03.24][effectbase.cpp:1783]: CODEX|date= 24:00, 3 5月, 1936|tag=GER|political_power=325.852|stability=0.81|war_support=0.46822|manpower_k=1337.83|civilian_factories=36|military_factories=28|dockyards=10|research_slots=4|researching_basic_machine_tools=1|researched_basic_machine_tools=0|researching_construction1=1|researched_construction1=0|researching_electronic_mechanical_engineering=0|researched_electronic_mechanical_engineering=1|focus_completed=1|focus_progress_lower=1|focus_progress_upper=1
[14:12:14][1936.05.03.24][effectbase.cpp:1783]: CODEX_STATE_END|seq=706762
[14:12:16][1936.05.04.24][effectbase.cpp:1783]: CODEX_STATE_BEGIN|version=2|seq=706763|origin=0
[14:12:16][1936.05.04.24][effectbase.cpp:1783]: CODEX|date= 24:00, 4 5月, 1936|tag=GER|political_power=328.176|stability=0.81|war_support=0.4682|manpower_k=1337.83|civilian_factories=36|military_factories=28|dockyards=10|research_slots=4|researching_basic_machine_tools=1|researched_basic_machine_tools=0|researching_construction1=1|researched_construction1=0|researching_electronic_mechanical_engineering=0|researched_electronic_mechanical_engineering=1|focus_completed=1|focus_progress_lower=1|focus_progress_upper=1
[14:12:16][1936.05.04.24][effectbase.cpp:1783]: CODEX_STATE_END|seq=706763
[14:12:19][1936.05.05.24][effectbase.cpp:1783]: CODEX_STATE_BEGIN|version=2|seq=706764|origin=0
[14:12:19][1936.05.05.24][effectbase.cpp:1783]: CODEX|date= 24:00, 5 5月, 1936|tag=GER|political_power=330.5|stability=0.81|war_support=0.46818|manpower_k=1337.83|civilian_factories=36|military_factories=28|dockyards=10|research_slots=4|researching_basic_machine_tools=1|researched_basic_machine_tools=0|researching_construction1=1|researched_construction1=0|researching_electronic_mechanical_engineering=0|researched_electronic_mechanical_engineering=1|focus_completed=1|focus_progress_lower=1|focus_progress_upper=1
[14:12:19][1936.05.05.24][effectbase.cpp:1783]: CODEX_STATE_END|seq=706764
[14:12:22][1936.05.06.24][effectbase.cpp:1783]: CODEX_STATE_BEGIN|version=2|seq=706765|origin=0
[14:12:22][1936.05.06.24][effectbase.cpp:1783]: CODEX|date= 24:00, 6 5月, 1936|tag=GER|political_power=332.824|stability=0.81|war_support=0.46816|manpower_k=1337.83|civilian_factories=36|military_factories=28|dockyards=10|research_slots=4|researching_basic_machine_tools=1|researched_basic_machine_tools=0|researching_construction1=1|researched_construction1=0|researching_electronic_mechanical_engineering=0|researched_electronic_mechanical_engineering=1|focus_completed=1|focus_progress_lower=1|focus_progress_upper=1
[14:12:22][1936.05.06.24][effectbase.cpp:1783]: CODEX_STATE_END|seq=706765
[14:12:25][1936.05.07.24][effectbase.cpp:1783]: CODEX_STATE_BEGIN|version=2|seq=706766|origin=0
[14:12:25][1936.05.07.24][effectbase.cpp:1783]: CODEX|date= 24:00, 7 5月, 1936|tag=GER|political_power=335.148|stability=0.81|war_support=0.46814|manpower_k=1337.83|civilian_factories=36|military_factories=28|dockyards=10|research_slots=4|researching_basic_machine_tools=1|researched_basic_machine_tools=0|researching_construction1=1|researched_construction1=0|researching_electronic_mechanical_engineering=0|researched_electronic_mechanical_engineering=1|focus_completed=1|focus_progress_lower=1|focus_progress_upper=1
[14:12:25][1936.05.07.24][effectbase.cpp:1783]: CODEX_STATE_END|seq=706766
[14:12:28][1936.05.08.24][effectbase.cpp:1783]: CODEX_STATE_BEGIN|version=2|seq=706767|origin=0
[14:12:28][1936.05.08.24][effectbase.cpp:1783]: CODEX|date= 24:00, 8 5月, 1936|tag=GER|political_power=337.472|stability=0.81|war_support=0.46812|manpower_k=1337.83|civilian_factories=36|military_factories=28|dockyards=10|research_slots=4|researching_basic_machine_tools=1|researched_basic_machine_tools=0|researching_construction1=1|researched_construction1=0|researching_electronic_mechanical_engineering=0|researched_electronic_mechanical_engineering=1|focus_completed=1|focus_progress_lower=1|focus_progress_upper=1
[14:12:28][1936.05.08.24][effectbase.cpp:1783]: CODEX_STATE_END|seq=706767
[14:12:30][1936.05.09.24][effectbase.cpp:1783]: CODEX_STATE_BEGIN|version=2|seq=706768|origin=0
[14:12:30][1936.05.09.24][effectbase.cpp:1783]: CODEX|date= 24:00, 9 5月, 1936|tag=GER|political_power=339.796|stability=0.81|war_support=0.4681|manpower_k=1337.764|civilian_factories=36|military_factories=28|dockyards=10|research_slots=4|researching_basic_machine_tools=1|researched_basic_machine_tools=0|researching_construction1=1|researched_construction1=0|researching_electronic_mechanical_engineering=0|researched_electronic_mechanical_engineering=1|focus_completed=1|focus_progress_lower=1|focus_progress_upper=1
[14:12:30][1936.05.09.24][effectbase.cpp:1783]: CODEX_STATE_END|seq=706768
[14:12:33][1936.05.10.24][effectbase.cpp:1783]: CODEX_STATE_BEGIN|version=2|seq=706769|origin=0
[14:12:33][1936.05.10.24][effectbase.cpp:1783]: CODEX|date= 24:00, 10 5月, 1936|tag=GER|political_power=342.12|stability=0.81|war_support=0.46808|manpower_k=1337.764|civilian_factories=36|military_factories=28|dockyards=10|research_slots=4|researching_basic_machine_tools=1|researched_basic_machine_tools=0|researching_construction1=1|researched_construction1=0|researching_electronic_mechanical_engineering=0|researched_electronic_mechanical_engineering=1|focus_completed=1|focus_progress_lower=1|focus_progress_upper=1
[14:12:33][1936.05.10.24][effectbase.cpp:1783]: CODEX_STATE_END|seq=706769
[14:12:36][1936.05.11.24][effectbase.cpp:1783]: CODEX_STATE_BEGIN|version=2|seq=706770|origin=0
[14:12:36][1936.05.11.24][effectbase.cpp:1783]: CODEX|date= 24:00, 11 5月, 1936|tag=GER|political_power=344.444|stability=0.81|war_support=0.46806|manpower_k=1337.742|civilian_factories=36|military_factories=28|dockyards=10|research_slots=4|researching_basic_machine_tools=1|researched_basic_machine_tools=0|researching_construction1=1|researched_construction1=0|researching_electronic_mechanical_engineering=0|researched_electronic_mechanical_engineering=1|focus_completed=1|focus_progress_lower=1|focus_progress_upper=1
[14:12:36][1936.05.11.24][effectbase.cpp:1783]: CODEX_STATE_END|seq=706770
[14:12:39][1936.05.12.24][effectbase.cpp:1783]: CODEX_STATE_BEGIN|version=2|seq=706771|origin=0
[14:12:39][1936.05.12.24][effectbase.cpp:1783]: CODEX|date= 24:00, 12 5月, 1936|tag=GER|political_power=346.768|stability=0.81|war_support=0.46804|manpower_k=1337.742|civilian_factories=36|military_factories=28|dockyards=10|research_slots=4|researching_basic_machine_tools=1|researched_basic_machine_tools=0|researching_construction1=1|researched_construction1=0|researching_electronic_mechanical_engineering=0|researched_electronic_mechanical_engineering=1|focus_completed=1|focus_progress_lower=1|focus_progress_upper=1
[14:12:39][1936.05.12.24][effectbase.cpp:1783]: CODEX_STATE_END|seq=706771
[14:12:42][1936.05.13.24][effectbase.cpp:1783]: CODEX_STATE_BEGIN|version=2|seq=706772|origin=0
[14:12:42][1936.05.13.24][effectbase.cpp:1783]: CODEX|date= 24:00, 13 5月, 1936|tag=GER|political_power=349.092|stability=0.81|war_support=0.46802|manpower_k=1337.742|civilian_factories=36|military_factories=28|dockyards=10|research_slots=4|researching_basic_machine_tools=1|researched_basic_machine_tools=0|researching_construction1=1|researched_construction1=0|researching_electronic_mechanical_engineering=0|researched_electronic_mechanical_engineering=1|focus_completed=1|focus_progress_lower=1|focus_progress_upper=1
[14:12:42][1936.05.13.24][effectbase.cpp:1783]: CODEX_STATE_END|seq=706772
[14:12:44][1936.05.14.24][effectbase.cpp:1783]: CODEX_STATE_BEGIN|version=2|seq=706773|origin=0
[14:12:44][1936.05.14.24][effectbase.cpp:1783]: CODEX|date= 24:00, 14 5月, 1936|tag=GER|political_power=351.416|stability=0.81|war_support=0.468|manpower_k=1337.742|civilian_factories=36|military_factories=28|dockyards=10|research_slots=4|researching_basic_machine_tools=1|researched_basic_machine_tools=0|researching_construction1=1|researched_construction1=0|researching_electronic_mechanical_engineering=0|researched_electronic_mechanical_engineering=1|focus_completed=1|focus_progress_lower=1|focus_progress_upper=1
[14:12:44][1936.05.14.24][effectbase.cpp:1783]: CODEX_STATE_END|seq=706773
[14:12:47][1936.05.15.24][effectbase.cpp:1783]: CODEX_STATE_BEGIN|version=2|seq=706774|origin=0
[14:12:47][1936.05.15.24][effectbase.cpp:1783]: CODEX|date= 24:00, 15 5月, 1936|tag=GER|political_power=353.74|stability=0.81|war_support=0.46798|manpower_k=1337.742|civilian_factories=36|military_factories=28|dockyards=10|research_slots=4|researching_basic_machine_tools=1|researched_basic_machine_tools=0|researching_construction1=1|researched_construction1=0|researching_electronic_mechanical_engineering=0|researched_electronic_mechanical_engineering=1|focus_completed=1|focus_progress_lower=1|focus_progress_upper=1
[14:12:47][1936.05.15.24][effectbase.cpp:1783]: CODEX_STATE_END|seq=706774
[14:12:50][1936.05.16.24][effectbase.cpp:1783]: CODEX_STATE_BEGIN|version=2|seq=706775|origin=0
[14:12:50][1936.05.16.24][effectbase.cpp:1783]: CODEX|date= 24:00, 16 5月, 1936|tag=GER|political_power=356.064|stability=0.81|war_support=0.46796|manpower_k=1337.742|civilian_factories=36|military_factories=28|dockyards=10|research_slots=4|researching_basic_machine_tools=1|researched_basic_machine_tools=0|researching_construction1=1|researched_construction1=0|researching_electronic_mechanical_engineering=0|researched_electronic_mechanical_engineering=1|focus_completed=1|focus_progress_lower=1|focus_progress_upper=1
[14:12:50][1936.05.16.24][effectbase.cpp:1783]: CODEX_STATE_END|seq=706775
[14:12:53][1936.05.17.24][effectbase.cpp:1783]: CODEX_STATE_BEGIN|version=2|seq=706776|origin=0
[14:12:53][1936.05.17.24][effectbase.cpp:1783]: CODEX|date= 24:00, 17 5月, 1936|tag=GER|political_power=358.388|stability=0.81|war_support=0.46794|manpower_k=1337.742|civilian_factories=36|military_factories=28|dockyards=10|research_slots=4|researching_basic_machine_tools=1|researched_basic_machine_tools=0|researching_construction1=1|researched_construction1=0|researching_electronic_mechanical_engineering=0|researched_electronic_mechanical_engineering=1|focus_completed=1|focus_progress_lower=1|focus_progress_upper=1
[14:12:53][1936.05.17.24][effectbase.cpp:1783]: CODEX_STATE_END|seq=706776
[14:12:56][1936.05.18.24][effectbase.cpp:1783]: CODEX_STATE_BEGIN|version=2|seq=706777|origin=0
[14:12:56][1936.05.18.24][effectbase.cpp:1783]: CODEX|date= 24:00, 18 5月, 1936|tag=GER|political_power=360.712|stability=0.81|war_support=0.46792|manpower_k=1337.742|civilian_factories=36|military_factories=28|dockyards=10|research_slots=4|researching_basic_machine_tools=1|researched_basic_machine_tools=0|researching_construction1=1|researched_construction1=0|researching_electronic_mechanical_engineering=0|researched_electronic_mechanical_engineering=1|focus_completed=1|focus_progress_lower=1|focus_progress_upper=1
[14:12:56][1936.05.18.24][effectbase.cpp:1783]: CODEX_STATE_END|seq=706777
[14:12:58][1936.05.19.24][effectbase.cpp:1783]: CODEX_STATE_BEGIN|version=2|seq=706778|origin=0
[14:12:58][1936.05.19.24][effectbase.cpp:1783]: CODEX|date= 24:00, 19 5月, 1936|tag=GER|political_power=363.036|stability=0.81|war_support=0.4679|manpower_k=1337.742|civilian_factories=36|military_factories=28|dockyards=10|research_slots=4|researching_basic_machine_tools=1|researched_basic_machine_tools=0|researching_construction1=1|researched_construction1=0|researching_electronic_mechanical_engineering=0|researched_electronic_mechanical_engineering=1|focus_completed=1|focus_progress_lower=1|focus_progress_upper=1
[14:12:58][1936.05.19.24][effectbase.cpp:1783]: CODEX_STATE_END|seq=706778
[14:13:01][1936.05.20.24][effectbase.cpp:1783]: CODEX_STATE_BEGIN|version=2|seq=706779|origin=0
[14:13:01][1936.05.20.24][effectbase.cpp:1783]: CODEX|date= 24:00, 20 5月, 1936|tag=GER|political_power=365.36|stability=0.81|war_support=0.46788|manpower_k=1337.72|civilian_factories=36|military_factories=28|dockyards=10|research_slots=4|researching_basic_machine_tools=1|researched_basic_machine_tools=0|researching_construction1=1|researched_construction1=0|researching_electronic_mechanical_engineering=0|researched_electronic_mechanical_engineering=1|focus_completed=1|focus_progress_lower=1|focus_progress_upper=1
[14:13:01][1936.05.20.24][effectbase.cpp:1783]: CODEX_STATE_END|seq=706779
[14:13:04][1936.05.21.24][effectbase.cpp:1783]: CODEX_STATE_BEGIN|version=2|seq=706780|origin=0
[14:13:04][1936.05.21.24][effectbase.cpp:1783]: CODEX|date= 24:00, 21 5月, 1936|tag=GER|political_power=367.684|stability=0.81|war_support=0.46786|manpower_k=1337.698|civilian_factories=36|military_factories=28|dockyards=10|research_slots=4|researching_basic_machine_tools=1|researched_basic_machine_tools=0|researching_construction1=1|researched_construction1=0|researching_electronic_mechanical_engineering=0|researched_electronic_mechanical_engineering=1|focus_completed=1|focus_progress_lower=1|focus_progress_upper=1
[14:13:04][1936.05.21.24][effectbase.cpp:1783]: CODEX_STATE_END|seq=706780
[14:13:07][1936.05.22.24][effectbase.cpp:1783]: CODEX_STATE_BEGIN|version=2|seq=706781|origin=0
[14:13:07][1936.05.22.24][effectbase.cpp:1783]: CODEX|date= 24:00, 22 5月, 1936|tag=GER|political_power=370.008|stability=0.81|war_support=0.46784|manpower_k=1337.398|civilian_factories=36|military_factories=28|dockyards=10|research_slots=4|researching_basic_machine_tools=1|researched_basic_machine_tools=0|researching_construction1=1|researched_construction1=0|researching_electronic_mechanical_engineering=0|researched_electronic_mechanical_engineering=1|focus_completed=1|focus_progress_lower=1|focus_progress_upper=1
[14:13:07][1936.05.22.24][effectbase.cpp:1783]: CODEX_STATE_END|seq=706781
[14:13:10][1936.05.23.24][effectbase.cpp:1783]: CODEX_STATE_BEGIN|version=2|seq=706782|origin=0
[14:13:10][1936.05.23.24][effectbase.cpp:1783]: CODEX|date= 24:00, 23 5月, 1936|tag=GER|political_power=372.332|stability=0.81|war_support=0.46782|manpower_k=1337.398|civilian_factories=36|military_factories=28|dockyards=10|research_slots=4|researching_basic_machine_tools=1|researched_basic_machine_tools=0|researching_construction1=1|researched_construction1=0|researching_electronic_mechanical_engineering=0|researched_electronic_mechanical_engineering=1|focus_completed=1|focus_progress_lower=1|focus_progress_upper=1
[14:13:10][1936.05.23.24][effectbase.cpp:1783]: CODEX_STATE_END|seq=706782
[14:13:12][1936.05.24.24][effectbase.cpp:1783]: CODEX_STATE_BEGIN|version=2|seq=706783|origin=0
[14:13:12][1936.05.24.24][effectbase.cpp:1783]: CODEX|date= 24:00, 24 5月, 1936|tag=GER|political_power=374.656|stability=0.81|war_support=0.4678|manpower_k=1337.398|civilian_factories=36|military_factories=28|dockyards=10|research_slots=4|researching_basic_machine_tools=1|researched_basic_machine_tools=0|researching_construction1=1|researched_construction1=0|researching_electronic_mechanical_engineering=0|researched_electronic_mechanical_engineering=1|focus_completed=1|focus_progress_lower=1|focus_progress_upper=1
[14:13:12][1936.05.24.24][effectbase.cpp:1783]: CODEX_STATE_END|seq=706783
[14:13:15][1936.05.25.24][effectbase.cpp:1783]: CODEX_STATE_BEGIN|version=2|seq=706784|origin=0
[14:13:15][1936.05.25.24][effectbase.cpp:1783]: CODEX|date= 24:00, 25 5月, 1936|tag=GER|political_power=376.98|stability=0.81|war_support=0.46778|manpower_k=1337.398|civilian_factories=36|military_factories=28|dockyards=10|research_slots=4|researching_basic_machine_tools=1|researched_basic_machine_tools=0|researching_construction1=1|researched_construction1=0|researching_electronic_mechanical_engineering=0|researched_electronic_mechanical_engineering=1|focus_completed=1|focus_progress_lower=1|focus_progress_upper=1
[14:13:15][1936.05.25.24][effectbase.cpp:1783]: CODEX_STATE_END|seq=706784
[14:13:18][1936.05.26.24][effectbase.cpp:1783]: CODEX_STATE_BEGIN|version=2|seq=706785|origin=0
[14:13:18][1936.05.26.24][effectbase.cpp:1783]: CODEX|date= 24:00, 26 5月, 1936|tag=GER|political_power=379.304|stability=0.81|war_support=0.46776|manpower_k=1337.398|civilian_factories=36|military_factories=28|dockyards=10|research_slots=4|researching_basic_machine_tools=1|researched_basic_machine_tools=0|researching_construction1=1|researched_construction1=0|researching_electronic_mechanical_engineering=0|researched_electronic_mechanical_engineering=1|focus_completed=1|focus_progress_lower=1|focus_progress_upper=1
[14:13:18][1936.05.26.24][effectbase.cpp:1783]: CODEX_STATE_END|seq=706785
[14:13:21][1936.05.27.24][effectbase.cpp:1783]: CODEX_STATE_BEGIN|version=2|seq=706786|origin=0
[14:13:21][1936.05.27.24][effectbase.cpp:1783]: CODEX|date= 24:00, 27 5月, 1936|tag=GER|political_power=381.628|stability=0.81|war_support=0.46774|manpower_k=1337.398|civilian_factories=36|military_factories=28|dockyards=10|research_slots=4|researching_basic_machine_tools=1|researched_basic_machine_tools=0|researching_construction1=1|researched_construction1=0|researching_electronic_mechanical_engineering=0|researched_electronic_mechanical_engineering=1|focus_completed=1|focus_progress_lower=1|focus_progress_upper=1
[14:13:21][1936.05.27.24][effectbase.cpp:1783]: CODEX_STATE_END|seq=706786
[14:13:24][1936.05.28.24][effectbase.cpp:1783]: CODEX_STATE_BEGIN|version=2|seq=706787|origin=0
[14:13:24][1936.05.28.24][effectbase.cpp:1783]: CODEX|date= 24:00, 28 5月, 1936|tag=GER|political_power=383.952|stability=0.81|war_support=0.46772|manpower_k=1337.398|civilian_factories=36|military_factories=28|dockyards=10|research_slots=4|researching_basic_machine_tools=1|researched_basic_machine_tools=0|researching_construction1=1|researched_construction1=0|researching_electronic_mechanical_engineering=0|researched_electronic_mechanical_engineering=1|focus_completed=1|focus_progress_lower=1|focus_progress_upper=1
[14:13:24][1936.05.28.24][effectbase.cpp:1783]: CODEX_STATE_END|seq=706787
[14:13:26][1936.05.29.24][effectbase.cpp:1783]: CODEX_STATE_BEGIN|version=2|seq=706788|origin=0
[14:13:26][1936.05.29.24][effectbase.cpp:1783]: CODEX|date= 24:00, 29 5月, 1936|tag=GER|political_power=386.276|stability=0.81|war_support=0.4677|manpower_k=1337.398|civilian_factories=36|military_factories=28|dockyards=10|research_slots=4|researching_basic_machine_tools=1|researched_basic_machine_tools=0|researching_construction1=1|researched_construction1=0|researching_electronic_mechanical_engineering=0|researched_electronic_mechanical_engineering=1|focus_completed=1|focus_progress_lower=1|focus_progress_upper=1
[14:13:26][1936.05.29.24][effectbase.cpp:1783]: CODEX_STATE_END|seq=706788
[14:13:29][1936.05.30.24][effectbase.cpp:1783]: CODEX_STATE_BEGIN|version=2|seq=706789|origin=0
[14:13:29][1936.05.30.24][effectbase.cpp:1783]: CODEX|date= 24:00, 30 5月, 1936|tag=GER|political_power=388.6|stability=0.81|war_support=0.46768|manpower_k=1337.376|civilian_factories=36|military_factories=28|dockyards=10|research_slots=4|researching_basic_machine_tools=1|researched_basic_machine_tools=0|researching_construction1=1|researched_construction1=0|researching_electronic_mechanical_engineering=0|researched_electronic_mechanical_engineering=1|focus_completed=1|focus_progress_lower=1|focus_progress_upper=1
[14:13:29][1936.05.30.24][effectbase.cpp:1783]: CODEX_STATE_END|seq=706789
[14:13:32][1936.05.31.24][effectbase.cpp:1783]: CODEX_STATE_BEGIN|version=2|seq=706790|origin=0
[14:13:32][1936.05.31.24][effectbase.cpp:1783]: CODEX|date= 24:00, 31 5月, 1936|tag=GER|political_power=390.924|stability=0.81|war_support=0.46766|manpower_k=1337.354|civilian_factories=36|military_factories=28|dockyards=10|research_slots=4|researching_basic_machine_tools=1|researched_basic_machine_tools=0|researching_construction1=1|researched_construction1=0|researching_electronic_mechanical_engineering=0|researched_electronic_mechanical_engineering=1|focus_completed=1|focus_progress_lower=1|focus_progress_upper=1
[14:13:32][1936.05.31.24][effectbase.cpp:1783]: CODEX_STATE_END|seq=706790
[14:13:35][1936.06.01.24][effectbase.cpp:1783]: CODEX_STATE_BEGIN|version=2|seq=706791|origin=0
[14:13:35][1936.06.01.24][effectbase.cpp:1783]: CODEX|date= 24:00, 1 6月, 1936|tag=GER|political_power=393.248|stability=0.81|war_support=0.46764|manpower_k=1339.415|civilian_factories=36|military_factories=28|dockyards=10|research_slots=4|researching_basic_machine_tools=1|researched_basic_machine_tools=0|researching_construction1=1|researched_construction1=0|researching_electronic_mechanical_engineering=0|researched_electronic_mechanical_engineering=1|focus_completed=1|focus_progress_lower=1|focus_progress_upper=1
[14:13:35][1936.06.01.24][effectbase.cpp:1783]: CODEX_STATE_END|seq=706791
[14:13:38][1936.06.02.24][effectbase.cpp:1783]: CODEX_STATE_BEGIN|version=2|seq=706792|origin=0
[14:13:38][1936.06.02.24][effectbase.cpp:1783]: CODEX|date= 24:00, 2 6月, 1936|tag=GER|political_power=395.572|stability=0.81|war_support=0.46762|manpower_k=1339.415|civilian_factories=36|military_factories=28|dockyards=10|research_slots=4|researching_basic_machine_tools=1|researched_basic_machine_tools=0|researching_construction1=1|researched_construction1=0|researching_electronic_mechanical_engineering=0|researched_electronic_mechanical_engineering=1|focus_completed=1|focus_progress_lower=1|focus_progress_upper=1
[14:13:38][1936.06.02.24][effectbase.cpp:1783]: CODEX_STATE_END|seq=706792
[14:13:41][1936.06.03.24][effectbase.cpp:1783]: CODEX_STATE_BEGIN|version=2|seq=706793|origin=0
[14:13:41][1936.06.03.24][effectbase.cpp:1783]: CODEX|date= 24:00, 3 6月, 1936|tag=GER|political_power=397.896|stability=0.81|war_support=0.4676|manpower_k=1339.415|civilian_factories=36|military_factories=28|dockyards=10|research_slots=4|researching_basic_machine_tools=1|researched_basic_machine_tools=0|researching_construction1=1|researched_construction1=0|researching_electronic_mechanical_engineering=0|researched_electronic_mechanical_engineering=1|focus_completed=1|focus_progress_lower=1|focus_progress_upper=1
[14:13:41][1936.06.03.24][effectbase.cpp:1783]: CODEX_STATE_END|seq=706793
[14:13:44][1936.06.04.24][effectbase.cpp:1783]: CODEX_STATE_BEGIN|version=2|seq=706794|origin=0
[14:13:44][1936.06.04.24][effectbase.cpp:1783]: CODEX|date= 24:00, 4 6月, 1936|tag=GER|political_power=400.22|stability=0.81|war_support=0.46758|manpower_k=1339.371|civilian_factories=36|military_factories=28|dockyards=10|research_slots=4|researching_basic_machine_tools=1|researched_basic_machine_tools=0|researching_construction1=1|researched_construction1=0|researching_electronic_mechanical_engineering=0|researched_electronic_mechanical_engineering=1|focus_completed=1|focus_progress_lower=1|focus_progress_upper=1
[14:13:44][1936.06.04.24][effectbase.cpp:1783]: CODEX_STATE_END|seq=706794
[14:13:46][1936.06.05.24][effectbase.cpp:1783]: CODEX_STATE_BEGIN|version=2|seq=706795|origin=0
[14:13:46][1936.06.05.24][effectbase.cpp:1783]: CODEX|date= 24:00, 5 6月, 1936|tag=GER|political_power=402.544|stability=0.81|war_support=0.46756|manpower_k=1339.371|civilian_factories=36|military_factories=28|dockyards=10|research_slots=4|researching_basic_machine_tools=1|researched_basic_machine_tools=0|researching_construction1=1|researched_construction1=0|researching_electronic_mechanical_engineering=0|researched_electronic_mechanical_engineering=1|focus_completed=1|focus_progress_lower=1|focus_progress_upper=1
[14:13:46][1936.06.05.24][effectbase.cpp:1783]: CODEX_STATE_END|seq=706795
[14:13:49][1936.06.06.24][effectbase.cpp:1783]: CODEX_STATE_BEGIN|version=2|seq=706796|origin=0
[14:13:49][1936.06.06.24][effectbase.cpp:1783]: CODEX|date= 24:00, 6 6月, 1936|tag=GER|political_power=404.868|stability=0.81|war_support=0.46754|manpower_k=1339.371|civilian_factories=36|military_factories=28|dockyards=10|research_slots=4|researching_basic_machine_tools=1|researched_basic_machine_tools=0|researching_construction1=1|researched_construction1=0|researching_electronic_mechanical_engineering=0|researched_electronic_mechanical_engineering=1|focus_completed=1|focus_progress_lower=1|focus_progress_upper=1
[14:13:49][1936.06.06.24][effectbase.cpp:1783]: CODEX_STATE_END|seq=706796
[14:13:52][1936.06.07.24][effectbase.cpp:1783]: CODEX_STATE_BEGIN|version=2|seq=706797|origin=0
[14:13:52][1936.06.07.24][effectbase.cpp:1783]: CODEX|date= 24:00, 7 6月, 1936|tag=GER|political_power=407.192|stability=0.81|war_support=0.46752|manpower_k=1339.371|civilian_factories=36|military_factories=28|dockyards=10|research_slots=4|researching_basic_machine_tools=1|researched_basic_machine_tools=0|researching_construction1=1|researched_construction1=0|researching_electronic_mechanical_engineering=0|researched_electronic_mechanical_engineering=1|focus_completed=1|focus_progress_lower=1|focus_progress_upper=1
[14:13:52][1936.06.07.24][effectbase.cpp:1783]: CODEX_STATE_END|seq=706797
[14:13:55][1936.06.08.24][effectbase.cpp:1783]: CODEX_STATE_BEGIN|version=2|seq=706798|origin=0
[14:13:55][1936.06.08.24][effectbase.cpp:1783]: CODEX|date= 24:00, 8 6月, 1936|tag=GER|political_power=409.516|stability=0.81|war_support=0.4675|manpower_k=1339.371|civilian_factories=36|military_factories=28|dockyards=10|research_slots=4|researching_basic_machine_tools=1|researched_basic_machine_tools=0|researching_construction1=1|researched_construction1=0|researching_electronic_mechanical_engineering=0|researched_electronic_mechanical_engineering=1|focus_completed=1|focus_progress_lower=1|focus_progress_upper=1
[14:13:55][1936.06.08.24][effectbase.cpp:1783]: CODEX_STATE_END|seq=706798
[14:13:58][1936.06.09.24][effectbase.cpp:1783]: CODEX_STATE_BEGIN|version=2|seq=706799|origin=0
[14:13:58][1936.06.09.24][effectbase.cpp:1783]: CODEX|date= 24:00, 9 6月, 1936|tag=GER|political_power=411.84|stability=0.81|war_support=0.46748|manpower_k=1339.349|civilian_factories=36|military_factories=28|dockyards=10|research_slots=4|researching_basic_machine_tools=1|researched_basic_machine_tools=0|researching_construction1=1|researched_construction1=0|researching_electronic_mechanical_engineering=0|researched_electronic_mechanical_engineering=1|focus_completed=1|focus_progress_lower=1|focus_progress_upper=1
[14:13:58][1936.06.09.24][effectbase.cpp:1783]: CODEX_STATE_END|seq=706799
[14:14:00][1936.06.10.24][effectbase.cpp:1783]: CODEX_STATE_BEGIN|version=2|seq=706800|origin=0
[14:14:00][1936.06.10.24][effectbase.cpp:1783]: CODEX|date= 24:00, 10 6月, 1936|tag=GER|political_power=414.164|stability=0.81|war_support=0.46746|manpower_k=1339.349|civilian_factories=36|military_factories=28|dockyards=10|research_slots=4|researching_basic_machine_tools=1|researched_basic_machine_tools=0|researching_construction1=1|researched_construction1=0|researching_electronic_mechanical_engineering=0|researched_electronic_mechanical_engineering=1|focus_completed=1|focus_progress_lower=1|focus_progress_upper=1
[14:14:00][1936.06.10.24][effectbase.cpp:1783]: CODEX_STATE_END|seq=706800
[14:14:03][1936.06.11.24][effectbase.cpp:1783]: CODEX_STATE_BEGIN|version=2|seq=706801|origin=0
[14:14:03][1936.06.11.24][effectbase.cpp:1783]: CODEX|date= 24:00, 11 6月, 1936|tag=GER|political_power=416.488|stability=0.81|war_support=0.46744|manpower_k=1339.327|civilian_factories=36|military_factories=28|dockyards=10|research_slots=4|researching_basic_machine_tools=0|researched_basic_machine_tools=1|researching_construction1=1|researched_construction1=0|researching_electronic_mechanical_engineering=0|researched_electronic_mechanical_engineering=1|focus_completed=1|focus_progress_lower=1|focus_progress_upper=1
[14:14:03][1936.06.11.24][effectbase.cpp:1783]: CODEX_STATE_END|seq=706801
[14:14:06][1936.06.12.24][effectbase.cpp:1783]: CODEX_STATE_BEGIN|version=2|seq=706802|origin=0
[14:14:06][1936.06.12.24][effectbase.cpp:1783]: CODEX|date= 24:00, 12 6月, 1936|tag=GER|political_power=418.812|stability=0.81|war_support=0.46742|manpower_k=1339.327|civilian_factories=36|military_factories=28|dockyards=10|research_slots=4|researching_basic_machine_tools=0|researched_basic_machine_tools=1|researching_construction1=1|researched_construction1=0|researching_electronic_mechanical_engineering=0|researched_electronic_mechanical_engineering=1|focus_completed=1|focus_progress_lower=1|focus_progress_upper=1
[14:14:06][1936.06.12.24][effectbase.cpp:1783]: CODEX_STATE_END|seq=706802
[14:14:09][1936.06.13.24][effectbase.cpp:1783]: CODEX_STATE_BEGIN|version=2|seq=706803|origin=0
[14:14:09][1936.06.13.24][effectbase.cpp:1783]: CODEX|date= 24:00, 13 6月, 1936|tag=GER|political_power=421.136|stability=0.81|war_support=0.4674|manpower_k=1339.327|civilian_factories=36|military_factories=28|dockyards=10|research_slots=4|researching_basic_machine_tools=0|researched_basic_machine_tools=1|researching_construction1=1|researched_construction1=0|researching_electronic_mechanical_engineering=0|researched_electronic_mechanical_engineering=1|focus_completed=1|focus_progress_lower=1|focus_progress_upper=1
[14:14:09][1936.06.13.24][effectbase.cpp:1783]: CODEX_STATE_END|seq=706803
[14:14:12][1936.06.14.24][effectbase.cpp:1783]: CODEX_STATE_BEGIN|version=2|seq=706804|origin=0
[14:14:12][1936.06.14.24][effectbase.cpp:1783]: CODEX|date= 24:00, 14 6月, 1936|tag=GER|political_power=423.46|stability=0.81|war_support=0.46738|manpower_k=1339.327|civilian_factories=36|military_factories=28|dockyards=10|research_slots=4|researching_basic_machine_tools=0|researched_basic_machine_tools=1|researching_construction1=1|researched_construction1=0|researching_electronic_mechanical_engineering=0|researched_electronic_mechanical_engineering=1|focus_completed=1|focus_progress_lower=1|focus_progress_upper=1
[14:14:12][1936.06.14.24][effectbase.cpp:1783]: CODEX_STATE_END|seq=706804
[14:14:14][1936.06.15.24][effectbase.cpp:1783]: CODEX_STATE_BEGIN|version=2|seq=706805|origin=0
[14:14:14][1936.06.15.24][effectbase.cpp:1783]: CODEX|date= 24:00, 15 6月, 1936|tag=GER|political_power=425.784|stability=0.81|war_support=0.46736|manpower_k=1339.327|civilian_factories=36|military_factories=28|dockyards=10|research_slots=4|researching_basic_machine_tools=0|researched_basic_machine_tools=1|researching_construction1=1|researched_construction1=0|researching_electronic_mechanical_engineering=0|researched_electronic_mechanical_engineering=1|focus_completed=1|focus_progress_lower=1|focus_progress_upper=1
[14:14:14][1936.06.15.24][effectbase.cpp:1783]: CODEX_STATE_END|seq=706805
[14:14:17][1936.06.16.24][effectbase.cpp:1783]: CODEX_STATE_BEGIN|version=2|seq=706806|origin=0
[14:14:17][1936.06.16.24][effectbase.cpp:1783]: CODEX|date= 24:00, 16 6月, 1936|tag=GER|political_power=428.108|stability=0.81|war_support=0.46734|manpower_k=1339.327|civilian_factories=36|military_factories=28|dockyards=10|research_slots=4|researching_basic_machine_tools=0|researched_basic_machine_tools=1|researching_construction1=1|researched_construction1=0|researching_electronic_mechanical_engineering=0|researched_electronic_mechanical_engineering=1|focus_completed=1|focus_progress_lower=1|focus_progress_upper=1
[14:14:17][1936.06.16.24][effectbase.cpp:1783]: CODEX_STATE_END|seq=706806
[14:14:20][1936.06.17.24][effectbase.cpp:1783]: CODEX_STATE_BEGIN|version=2|seq=706807|origin=0
[14:14:20][1936.06.17.24][effectbase.cpp:1783]: CODEX|date= 24:00, 17 6月, 1936|tag=GER|political_power=430.432|stability=0.81|war_support=0.46732|manpower_k=1339.327|civilian_factories=36|military_factories=28|dockyards=10|research_slots=4|researching_basic_machine_tools=0|researched_basic_machine_tools=1|researching_construction1=1|researched_construction1=0|researching_electronic_mechanical_engineering=0|researched_electronic_mechanical_engineering=1|focus_completed=1|focus_progress_lower=1|focus_progress_upper=1
[14:14:20][1936.06.17.24][effectbase.cpp:1783]: CODEX_STATE_END|seq=706807
[14:14:23][1936.06.18.24][effectbase.cpp:1783]: CODEX_STATE_BEGIN|version=2|seq=706808|origin=0
[14:14:23][1936.06.18.24][effectbase.cpp:1783]: CODEX|date= 24:00, 18 6月, 1936|tag=GER|political_power=432.756|stability=0.81|war_support=0.4673|manpower_k=1339.305|civilian_factories=36|military_factories=28|dockyards=10|research_slots=4|researching_basic_machine_tools=0|researched_basic_machine_tools=1|researching_construction1=1|researched_construction1=0|researching_electronic_mechanical_engineering=0|researched_electronic_mechanical_engineering=1|focus_completed=1|focus_progress_lower=1|focus_progress_upper=1
[14:14:23][1936.06.18.24][effectbase.cpp:1783]: CODEX_STATE_END|seq=706808
[14:14:26][1936.06.19.24][effectbase.cpp:1783]: CODEX_STATE_BEGIN|version=2|seq=706809|origin=0
[14:14:26][1936.06.19.24][effectbase.cpp:1783]: CODEX|date= 24:00, 19 6月, 1936|tag=GER|political_power=435.08|stability=0.81|war_support=0.46728|manpower_k=1339.305|civilian_factories=36|military_factories=28|dockyards=10|research_slots=4|researching_basic_machine_tools=0|researched_basic_machine_tools=1|researching_construction1=1|researched_construction1=0|researching_electronic_mechanical_engineering=0|researched_electronic_mechanical_engineering=1|focus_completed=1|focus_progress_lower=1|focus_progress_upper=1
[14:14:26][1936.06.19.24][effectbase.cpp:1783]: CODEX_STATE_END|seq=706809
[14:14:29][1936.06.20.24][effectbase.cpp:1783]: CODEX_STATE_BEGIN|version=2|seq=706810|origin=0
[14:14:29][1936.06.20.24][effectbase.cpp:1783]: CODEX|date= 24:00, 20 6月, 1936|tag=GER|political_power=437.404|stability=0.81|war_support=0.46726|manpower_k=1339.305|civilian_factories=36|military_factories=28|dockyards=10|research_slots=4|researching_basic_machine_tools=0|researched_basic_machine_tools=1|researching_construction1=1|researched_construction1=0|researching_electronic_mechanical_engineering=0|researched_electronic_mechanical_engineering=1|focus_completed=1|focus_progress_lower=1|focus_progress_upper=1
[14:14:29][1936.06.20.24][effectbase.cpp:1783]: CODEX_STATE_END|seq=706810
[14:14:31][1936.06.21.24][effectbase.cpp:1783]: CODEX_STATE_BEGIN|version=2|seq=706811|origin=0
[14:14:31][1936.06.21.24][effectbase.cpp:1783]: CODEX|date= 24:00, 21 6月, 1936|tag=GER|political_power=439.728|stability=0.81|war_support=0.46724|manpower_k=1339.283|civilian_factories=36|military_factories=28|dockyards=10|research_slots=4|researching_basic_machine_tools=0|researched_basic_machine_tools=1|researching_construction1=1|researched_construction1=0|researching_electronic_mechanical_engineering=0|researched_electronic_mechanical_engineering=1|focus_completed=1|focus_progress_lower=1|focus_progress_upper=1
[14:14:31][1936.06.21.24][effectbase.cpp:1783]: CODEX_STATE_END|seq=706811
[14:14:34][1936.06.22.24][effectbase.cpp:1783]: CODEX_STATE_BEGIN|version=2|seq=706812|origin=0
[14:14:34][1936.06.22.24][effectbase.cpp:1783]: CODEX|date= 24:00, 22 6月, 1936|tag=GER|political_power=442.052|stability=0.81|war_support=0.46722|manpower_k=1339.283|civilian_factories=36|military_factories=28|dockyards=10|research_slots=4|researching_basic_machine_tools=0|researched_basic_machine_tools=1|researching_construction1=1|researched_construction1=0|researching_electronic_mechanical_engineering=0|researched_electronic_mechanical_engineering=1|focus_completed=1|focus_progress_lower=1|focus_progress_upper=1
[14:14:34][1936.06.22.24][effectbase.cpp:1783]: CODEX_STATE_END|seq=706812
[14:14:37][1936.06.23.24][effectbase.cpp:1783]: CODEX_STATE_BEGIN|version=2|seq=706813|origin=0
[14:14:37][1936.06.23.24][effectbase.cpp:1783]: CODEX|date= 24:00, 23 6月, 1936|tag=GER|political_power=444.376|stability=0.81|war_support=0.4672|manpower_k=1339.283|civilian_factories=36|military_factories=28|dockyards=10|research_slots=4|researching_basic_machine_tools=0|researched_basic_machine_tools=1|researching_construction1=1|researched_construction1=0|researching_electronic_mechanical_engineering=0|researched_electronic_mechanical_engineering=1|focus_completed=1|focus_progress_lower=1|focus_progress_upper=1
[14:14:37][1936.06.23.24][effectbase.cpp:1783]: CODEX_STATE_END|seq=706813
[14:14:40][1936.06.24.24][effectbase.cpp:1783]: CODEX_STATE_BEGIN|version=2|seq=706814|origin=0
[14:14:40][1936.06.24.24][effectbase.cpp:1783]: CODEX|date= 24:00, 24 6月, 1936|tag=GER|political_power=446.7|stability=0.81|war_support=0.46718|manpower_k=1339.283|civilian_factories=36|military_factories=28|dockyards=10|research_slots=4|researching_basic_machine_tools=0|researched_basic_machine_tools=1|researching_construction1=1|researched_construction1=0|researching_electronic_mechanical_engineering=0|researched_electronic_mechanical_engineering=1|focus_completed=1|focus_progress_lower=1|focus_progress_upper=1
[14:14:40][1936.06.24.24][effectbase.cpp:1783]: CODEX_STATE_END|seq=706814
[14:14:43][1936.06.25.24][effectbase.cpp:1783]: CODEX_STATE_BEGIN|version=2|seq=706815|origin=0
[14:14:43][1936.06.25.24][effectbase.cpp:1783]: CODEX|date= 24:00, 25 6月, 1936|tag=GER|political_power=449.024|stability=0.81|war_support=0.46716|manpower_k=1339.283|civilian_factories=36|military_factories=28|dockyards=10|research_slots=4|researching_basic_machine_tools=0|researched_basic_machine_tools=1|researching_construction1=1|researched_construction1=0|researching_electronic_mechanical_engineering=0|researched_electronic_mechanical_engineering=1|focus_completed=1|focus_progress_lower=1|focus_progress_upper=1
[14:14:43][1936.06.25.24][effectbase.cpp:1783]: CODEX_STATE_END|seq=706815
[14:14:45][1936.06.26.24][effectbase.cpp:1783]: CODEX_STATE_BEGIN|version=2|seq=706816|origin=0
[14:14:45][1936.06.26.24][effectbase.cpp:1783]: CODEX|date= 24:00, 26 6月, 1936|tag=GER|political_power=451.348|stability=0.81|war_support=0.46714|manpower_k=1339.283|civilian_factories=36|military_factories=28|dockyards=10|research_slots=4|researching_basic_machine_tools=0|researched_basic_machine_tools=1|researching_construction1=1|researched_construction1=0|researching_electronic_mechanical_engineering=0|researched_electronic_mechanical_engineering=1|focus_completed=1|focus_progress_lower=1|focus_progress_upper=1
[14:14:45][1936.06.26.24][effectbase.cpp:1783]: CODEX_STATE_END|seq=706816
[14:14:48][1936.06.27.24][effectbase.cpp:1783]: CODEX_STATE_BEGIN|version=2|seq=706817|origin=0
[14:14:48][1936.06.27.24][effectbase.cpp:1783]: CODEX|date= 24:00, 27 6月, 1936|tag=GER|political_power=453.672|stability=0.81|war_support=0.46712|manpower_k=1339.261|civilian_factories=36|military_factories=28|dockyards=10|research_slots=4|researching_basic_machine_tools=0|researched_basic_machine_tools=1|researching_construction1=1|researched_construction1=0|researching_electronic_mechanical_engineering=0|researched_electronic_mechanical_engineering=1|focus_completed=1|focus_progress_lower=1|focus_progress_upper=1
[14:14:48][1936.06.27.24][effectbase.cpp:1783]: CODEX_STATE_END|seq=706817
[14:14:51][1936.06.28.24][effectbase.cpp:1783]: CODEX_STATE_BEGIN|version=2|seq=706818|origin=0
[14:14:51][1936.06.28.24][effectbase.cpp:1783]: CODEX|date= 24:00, 28 6月, 1936|tag=GER|political_power=455.996|stability=0.81|war_support=0.4671|manpower_k=1339.261|civilian_factories=36|military_factories=28|dockyards=10|research_slots=4|researching_basic_machine_tools=0|researched_basic_machine_tools=1|researching_construction1=1|researched_construction1=0|researching_electronic_mechanical_engineering=0|researched_electronic_mechanical_engineering=1|focus_completed=1|focus_progress_lower=1|focus_progress_upper=1
[14:14:51][1936.06.28.24][effectbase.cpp:1783]: CODEX_STATE_END|seq=706818
[14:14:54][1936.06.29.24][effectbase.cpp:1783]: CODEX_STATE_BEGIN|version=2|seq=706819|origin=0
[14:14:54][1936.06.29.24][effectbase.cpp:1783]: CODEX|date= 24:00, 29 6月, 1936|tag=GER|political_power=458.32|stability=0.81|war_support=0.46708|manpower_k=1339.261|civilian_factories=36|military_factories=28|dockyards=10|research_slots=4|researching_basic_machine_tools=0|researched_basic_machine_tools=1|researching_construction1=1|researched_construction1=0|researching_electronic_mechanical_engineering=0|researched_electronic_mechanical_engineering=1|focus_completed=1|focus_progress_lower=1|focus_progress_upper=1
[14:14:54][1936.06.29.24][effectbase.cpp:1783]: CODEX_STATE_END|seq=706819
[14:14:57][1936.06.30.24][effectbase.cpp:1783]: CODEX_STATE_BEGIN|version=2|seq=706820|origin=0
[14:14:57][1936.06.30.24][effectbase.cpp:1783]: CODEX|date= 24:00, 30 6月, 1936|tag=GER|political_power=460.644|stability=0.81|war_support=0.46706|manpower_k=1339.217|civilian_factories=36|military_factories=28|dockyards=10|research_slots=4|researching_basic_machine_tools=0|researched_basic_machine_tools=1|researching_construction1=1|researched_construction1=0|researching_electronic_mechanical_engineering=0|researched_electronic_mechanical_engineering=1|focus_completed=1|focus_progress_lower=1|focus_progress_upper=1
[14:14:57][1936.06.30.24][effectbase.cpp:1783]: CODEX_STATE_END|seq=706820
[14:15:00][1936.07.01.24][effectbase.cpp:1783]: CODEX_STATE_BEGIN|version=2|seq=706821|origin=0
[14:15:00][1936.07.01.24][effectbase.cpp:1783]: CODEX|date= 24:00, 1 7月, 1936|tag=GER|political_power=462.968|stability=0.81|war_support=0.46704|manpower_k=1341.277|civilian_factories=36|military_factories=28|dockyards=10|research_slots=4|researching_basic_machine_tools=0|researched_basic_machine_tools=1|researching_construction1=1|researched_construction1=0|researching_electronic_mechanical_engineering=0|researched_electronic_mechanical_engineering=1|focus_completed=1|focus_progress_lower=1|focus_progress_upper=1
[14:15:00][1936.07.01.24][effectbase.cpp:1783]: CODEX_STATE_END|seq=706821
[14:15:02][1936.07.02.24][effectbase.cpp:1783]: CODEX_STATE_BEGIN|version=2|seq=706822|origin=0
[14:15:02][1936.07.02.24][effectbase.cpp:1783]: CODEX|date= 24:00, 2 7月, 1936|tag=GER|political_power=465.292|stability=0.81|war_support=0.46702|manpower_k=1341.255|civilian_factories=36|military_factories=28|dockyards=10|research_slots=4|researching_basic_machine_tools=0|researched_basic_machine_tools=1|researching_construction1=1|researched_construction1=0|researching_electronic_mechanical_engineering=0|researched_electronic_mechanical_engineering=1|focus_completed=1|focus_progress_lower=1|focus_progress_upper=1
[14:15:02][1936.07.02.24][effectbase.cpp:1783]: CODEX_STATE_END|seq=706822
[14:15:05][1936.07.03.24][effectbase.cpp:1783]: CODEX_STATE_BEGIN|version=2|seq=706823|origin=0
[14:15:05][1936.07.03.24][effectbase.cpp:1783]: CODEX|date= 24:00, 3 7月, 1936|tag=GER|political_power=467.616|stability=0.81|war_support=0.467|manpower_k=1341.255|civilian_factories=36|military_factories=28|dockyards=10|research_slots=4|researching_basic_machine_tools=0|researched_basic_machine_tools=1|researching_construction1=1|researched_construction1=0|researching_electronic_mechanical_engineering=0|researched_electronic_mechanical_engineering=1|focus_completed=1|focus_progress_lower=1|focus_progress_upper=1
[14:15:05][1936.07.03.24][effectbase.cpp:1783]: CODEX_STATE_END|seq=706823
[14:15:08][1936.07.04.24][effectbase.cpp:1783]: CODEX_STATE_BEGIN|version=2|seq=706824|origin=0
[14:15:08][1936.07.04.24][effectbase.cpp:1783]: CODEX|date= 24:00, 4 7月, 1936|tag=GER|political_power=469.94|stability=0.81|war_support=0.46698|manpower_k=1341.255|civilian_factories=36|military_factories=28|dockyards=10|research_slots=4|researching_basic_machine_tools=0|researched_basic_machine_tools=1|researching_construction1=1|researched_construction1=0|researching_electronic_mechanical_engineering=0|researched_electronic_mechanical_engineering=1|focus_completed=1|focus_progress_lower=1|focus_progress_upper=1
[14:15:08][1936.07.04.24][effectbase.cpp:1783]: CODEX_STATE_END|seq=706824
[14:15:11][1936.07.05.24][effectbase.cpp:1783]: CODEX_STATE_BEGIN|version=2|seq=706825|origin=0
[14:15:11][1936.07.05.24][effectbase.cpp:1783]: CODEX|date= 24:00, 5 7月, 1936|tag=GER|political_power=472.264|stability=0.81|war_support=0.46696|manpower_k=1341.255|civilian_factories=36|military_factories=28|dockyards=10|research_slots=4|researching_basic_machine_tools=0|researched_basic_machine_tools=1|researching_construction1=1|researched_construction1=0|researching_electronic_mechanical_engineering=0|researched_electronic_mechanical_engineering=1|focus_completed=1|focus_progress_lower=1|focus_progress_upper=1
[14:15:11][1936.07.05.24][effectbase.cpp:1783]: CODEX_STATE_END|seq=706825
[14:15:14][1936.07.06.24][effectbase.cpp:1783]: CODEX_STATE_BEGIN|version=2|seq=706826|origin=0
[14:15:14][1936.07.06.24][effectbase.cpp:1783]: CODEX|date= 24:00, 6 7月, 1936|tag=GER|political_power=474.588|stability=0.81|war_support=0.46694|manpower_k=1341.255|civilian_factories=36|military_factories=28|dockyards=10|research_slots=4|researching_basic_machine_tools=0|researched_basic_machine_tools=1|researching_construction1=1|researched_construction1=0|researching_electronic_mechanical_engineering=0|researched_electronic_mechanical_engineering=1|focus_completed=1|focus_progress_lower=1|focus_progress_upper=1
[14:15:14][1936.07.06.24][effectbase.cpp:1783]: CODEX_STATE_END|seq=706826
[14:15:17][1936.07.07.24][effectbase.cpp:1783]: CODEX_STATE_BEGIN|version=2|seq=706827|origin=0
[14:15:17][1936.07.07.24][effectbase.cpp:1783]: CODEX|date= 24:00, 7 7月, 1936|tag=GER|political_power=476.912|stability=0.81|war_support=0.46692|manpower_k=1341.033|civilian_factories=36|military_factories=28|dockyards=10|research_slots=4|researching_basic_machine_tools=0|researched_basic_machine_tools=1|researching_construction1=1|researched_construction1=0|researching_electronic_mechanical_engineering=0|researched_electronic_mechanical_engineering=1|focus_completed=1|focus_progress_lower=1|focus_progress_upper=1
[14:15:17][1936.07.07.24][effectbase.cpp:1783]: CODEX_STATE_END|seq=706827
[14:15:19][1936.07.08.24][effectbase.cpp:1783]: CODEX_STATE_BEGIN|version=2|seq=706828|origin=0
[14:15:19][1936.07.08.24][effectbase.cpp:1783]: CODEX|date= 24:00, 8 7月, 1936|tag=GER|political_power=479.236|stability=0.81|war_support=0.4669|manpower_k=1341.033|civilian_factories=36|military_factories=28|dockyards=10|research_slots=4|researching_basic_machine_tools=0|researched_basic_machine_tools=1|researching_construction1=1|researched_construction1=0|researching_electronic_mechanical_engineering=0|researched_electronic_mechanical_engineering=1|focus_completed=1|focus_progress_lower=1|focus_progress_upper=1
[14:15:19][1936.07.08.24][effectbase.cpp:1783]: CODEX_STATE_END|seq=706828
[14:15:22][1936.07.09.24][effectbase.cpp:1783]: CODEX_STATE_BEGIN|version=2|seq=706829|origin=0
[14:15:22][1936.07.09.24][effectbase.cpp:1783]: CODEX|date= 24:00, 9 7月, 1936|tag=GER|political_power=481.56|stability=0.81|war_support=0.46688|manpower_k=1341.033|civilian_factories=36|military_factories=28|dockyards=10|research_slots=4|researching_basic_machine_tools=0|researched_basic_machine_tools=1|researching_construction1=1|researched_construction1=0|researching_electronic_mechanical_engineering=0|researched_electronic_mechanical_engineering=1|focus_completed=1|focus_progress_lower=1|focus_progress_upper=1
[14:15:22][1936.07.09.24][effectbase.cpp:1783]: CODEX_STATE_END|seq=706829
[14:15:25][1936.07.10.24][effectbase.cpp:1783]: CODEX_STATE_BEGIN|version=2|seq=706830|origin=0
[14:15:25][1936.07.10.24][effectbase.cpp:1783]: CODEX|date= 24:00, 10 7月, 1936|tag=GER|political_power=483.884|stability=0.81|war_support=0.46686|manpower_k=1341.033|civilian_factories=36|military_factories=28|dockyards=10|research_slots=4|researching_basic_machine_tools=0|researched_basic_machine_tools=1|researching_construction1=1|researched_construction1=0|researching_electronic_mechanical_engineering=0|researched_electronic_mechanical_engineering=1|focus_completed=1|focus_progress_lower=1|focus_progress_upper=1
[14:15:25][1936.07.10.24][effectbase.cpp:1783]: CODEX_STATE_END|seq=706830
[14:15:28][1936.07.11.24][effectbase.cpp:1783]: CODEX_STATE_BEGIN|version=2|seq=706831|origin=0
[14:15:28][1936.07.11.24][effectbase.cpp:1783]: CODEX|date= 24:00, 11 7月, 1936|tag=GER|political_power=486.208|stability=0.81|war_support=0.46684|manpower_k=1341.033|civilian_factories=36|military_factories=28|dockyards=10|research_slots=4|researching_basic_machine_tools=0|researched_basic_machine_tools=1|researching_construction1=1|researched_construction1=0|researching_electronic_mechanical_engineering=0|researched_electronic_mechanical_engineering=1|focus_completed=1|focus_progress_lower=1|focus_progress_upper=1
[14:15:28][1936.07.11.24][effectbase.cpp:1783]: CODEX_STATE_END|seq=706831
[14:15:30][1936.07.12.24][effectbase.cpp:1783]: CODEX_STATE_BEGIN|version=2|seq=706832|origin=0
[14:15:30][1936.07.12.24][effectbase.cpp:1783]: CODEX|date= 24:00, 12 7月, 1936|tag=GER|political_power=488.532|stability=0.81|war_support=0.46682|manpower_k=1341.033|civilian_factories=36|military_factories=28|dockyards=10|research_slots=4|researching_basic_machine_tools=0|researched_basic_machine_tools=1|researching_construction1=1|researched_construction1=0|researching_electronic_mechanical_engineering=0|researched_electronic_mechanical_engineering=1|focus_completed=1|focus_progress_lower=1|focus_progress_upper=1
[14:15:30][1936.07.12.24][effectbase.cpp:1783]: CODEX_STATE_END|seq=706832
[14:15:33][1936.07.13.24][effectbase.cpp:1783]: CODEX_STATE_BEGIN|version=2|seq=706833|origin=0
[14:15:33][1936.07.13.24][effectbase.cpp:1783]: CODEX|date= 24:00, 13 7月, 1936|tag=GER|political_power=490.856|stability=0.81|war_support=0.4668|manpower_k=1341.011|civilian_factories=36|military_factories=28|dockyards=10|research_slots=4|researching_basic_machine_tools=0|researched_basic_machine_tools=1|researching_construction1=1|researched_construction1=0|researching_electronic_mechanical_engineering=0|researched_electronic_mechanical_engineering=1|focus_completed=1|focus_progress_lower=1|focus_progress_upper=1
[14:15:33][1936.07.13.24][effectbase.cpp:1783]: CODEX_STATE_END|seq=706833
[14:15:36][1936.07.14.24][effectbase.cpp:1783]: CODEX_STATE_BEGIN|version=2|seq=706834|origin=0
[14:15:36][1936.07.14.24][effectbase.cpp:1783]: CODEX|date= 24:00, 14 7月, 1936|tag=GER|political_power=493.18|stability=0.81|war_support=0.46678|manpower_k=1341.011|civilian_factories=36|military_factories=28|dockyards=10|research_slots=4|researching_basic_machine_tools=0|researched_basic_machine_tools=1|researching_construction1=1|researched_construction1=0|researching_electronic_mechanical_engineering=0|researched_electronic_mechanical_engineering=1|focus_completed=1|focus_progress_lower=1|focus_progress_upper=1
[14:15:36][1936.07.14.24][effectbase.cpp:1783]: CODEX_STATE_END|seq=706834
[14:15:39][1936.07.15.24][effectbase.cpp:1783]: CODEX_STATE_BEGIN|version=2|seq=706835|origin=0
[14:15:39][1936.07.15.24][effectbase.cpp:1783]: CODEX|date= 24:00, 15 7月, 1936|tag=GER|political_power=495.504|stability=0.81|war_support=0.46676|manpower_k=1341.011|civilian_factories=36|military_factories=28|dockyards=10|research_slots=4|researching_basic_machine_tools=0|researched_basic_machine_tools=1|researching_construction1=1|researched_construction1=0|researching_electronic_mechanical_engineering=0|researched_electronic_mechanical_engineering=1|focus_completed=1|focus_progress_lower=1|focus_progress_upper=1
[14:15:39][1936.07.15.24][effectbase.cpp:1783]: CODEX_STATE_END|seq=706835
[14:15:42][1936.07.16.24][effectbase.cpp:1783]: CODEX_STATE_BEGIN|version=2|seq=706836|origin=0
[14:15:42][1936.07.16.24][effectbase.cpp:1783]: CODEX|date= 24:00, 16 7月, 1936|tag=GER|political_power=497.828|stability=0.81|war_support=0.46674|manpower_k=1340.989|civilian_factories=36|military_factories=28|dockyards=10|research_slots=4|researching_basic_machine_tools=0|researched_basic_machine_tools=1|researching_construction1=1|researched_construction1=0|researching_electronic_mechanical_engineering=0|researched_electronic_mechanical_engineering=1|focus_completed=1|focus_progress_lower=1|focus_progress_upper=1
[14:15:42][1936.07.16.24][effectbase.cpp:1783]: CODEX_STATE_END|seq=706836
[14:15:44][1936.07.17.16][effectbase.cpp:1783]: 西班牙国 is declaring war on 西班牙
[14:15:45][1936.07.17.24][effectbase.cpp:1783]: CODEX_STATE_BEGIN|version=2|seq=706837|origin=0
[14:15:45][1936.07.17.24][effectbase.cpp:1783]: CODEX|date= 24:00, 17 7月, 1936|tag=GER|political_power=500.152|stability=0.81|war_support=0.46957|manpower_k=1340.989|civilian_factories=36|military_factories=28|dockyards=10|research_slots=4|researching_basic_machine_tools=0|researched_basic_machine_tools=1|researching_construction1=1|researched_construction1=0|researching_electronic_mechanical_engineering=0|researched_electronic_mechanical_engineering=1|focus_completed=1|focus_progress_lower=1|focus_progress_upper=1
[14:15:45][1936.07.17.24][effectbase.cpp:1783]: CODEX_STATE_END|seq=706837
[14:15:47][1936.07.18.24][effectbase.cpp:1783]: CODEX_STATE_BEGIN|version=2|seq=706838|origin=0
[14:15:47][1936.07.18.24][effectbase.cpp:1783]: CODEX|date= 24:00, 18 7月, 1936|tag=GER|political_power=502.476|stability=0.81|war_support=0.47676|manpower_k=1340.989|civilian_factories=36|military_factories=28|dockyards=10|research_slots=4|researching_basic_machine_tools=0|researched_basic_machine_tools=1|researching_construction1=1|researched_construction1=0|researching_electronic_mechanical_engineering=0|researched_electronic_mechanical_engineering=1|focus_completed=1|focus_progress_lower=1|focus_progress_upper=1
[14:15:47][1936.07.18.24][effectbase.cpp:1783]: CODEX_STATE_END|seq=706838
[14:15:50][1936.07.19.24][effectbase.cpp:1783]: CODEX_STATE_BEGIN|version=2|seq=706839|origin=0
[14:15:50][1936.07.19.24][effectbase.cpp:1783]: CODEX|date= 24:00, 19 7月, 1936|tag=GER|political_power=504.8|stability=0.81|war_support=0.47672|manpower_k=1340.989|civilian_factories=36|military_factories=28|dockyards=10|research_slots=4|researching_basic_machine_tools=0|researched_basic_machine_tools=1|researching_construction1=1|researched_construction1=0|researching_electronic_mechanical_engineering=0|researched_electronic_mechanical_engineering=1|focus_completed=1|focus_progress_lower=1|focus_progress_upper=1
[14:15:50][1936.07.19.24][effectbase.cpp:1783]: CODEX_STATE_END|seq=706839
[14:15:53][1936.07.20.24][effectbase.cpp:1783]: CODEX_STATE_BEGIN|version=2|seq=706840|origin=0
[14:15:53][1936.07.20.24][effectbase.cpp:1783]: CODEX|date= 24:00, 20 7月, 1936|tag=GER|political_power=507.124|stability=0.81|war_support=0.47668|manpower_k=1340.989|civilian_factories=36|military_factories=28|dockyards=10|research_slots=4|researching_basic_machine_tools=0|researched_basic_machine_tools=1|researching_construction1=1|researched_construction1=0|researching_electronic_mechanical_engineering=0|researched_electronic_mechanical_engineering=1|focus_completed=1|focus_progress_lower=1|focus_progress_upper=1
[14:15:53][1936.07.20.24][effectbase.cpp:1783]: CODEX_STATE_END|seq=706840
[14:15:56][1936.07.21.24][effectbase.cpp:1783]: CODEX_STATE_BEGIN|version=2|seq=706841|origin=0
[14:15:56][1936.07.21.24][effectbase.cpp:1783]: CODEX|date= 24:00, 21 7月, 1936|tag=GER|political_power=509.448|stability=0.81|war_support=0.47664|manpower_k=1340.989|civilian_factories=36|military_factories=28|dockyards=10|research_slots=4|researching_basic_machine_tools=0|researched_basic_machine_tools=1|researching_construction1=1|researched_construction1=0|researching_electronic_mechanical_engineering=0|researched_electronic_mechanical_engineering=1|focus_completed=1|focus_progress_lower=1|focus_progress_upper=1
[14:15:56][1936.07.21.24][effectbase.cpp:1783]: CODEX_STATE_END|seq=706841
[14:15:59][1936.07.22.24][effectbase.cpp:1783]: CODEX_STATE_BEGIN|version=2|seq=706842|origin=0
[14:15:59][1936.07.22.24][effectbase.cpp:1783]: CODEX|date= 24:00, 22 7月, 1936|tag=GER|political_power=511.772|stability=0.81|war_support=0.4766|manpower_k=1340.789|civilian_factories=36|military_factories=28|dockyards=10|research_slots=4|researching_basic_machine_tools=0|researched_basic_machine_tools=1|researching_construction1=1|researched_construction1=0|researching_electronic_mechanical_engineering=0|researched_electronic_mechanical_engineering=1|focus_completed=1|focus_progress_lower=1|focus_progress_upper=1
[14:15:59][1936.07.22.24][effectbase.cpp:1783]: CODEX_STATE_END|seq=706842
[14:16:01][1936.07.23.24][effectbase.cpp:1783]: CODEX_STATE_BEGIN|version=2|seq=706843|origin=0
[14:16:01][1936.07.23.24][effectbase.cpp:1783]: CODEX|date= 24:00, 23 7月, 1936|tag=GER|political_power=514.096|stability=0.81|war_support=0.47656|manpower_k=1340.767|civilian_factories=36|military_factories=28|dockyards=10|research_slots=4|researching_basic_machine_tools=0|researched_basic_machine_tools=1|researching_construction1=1|researched_construction1=0|researching_electronic_mechanical_engineering=0|researched_electronic_mechanical_engineering=1|focus_completed=1|focus_progress_lower=1|focus_progress_upper=1
[14:16:01][1936.07.23.24][effectbase.cpp:1783]: CODEX_STATE_END|seq=706843
[14:16:04][1936.07.24.24][effectbase.cpp:1783]: CODEX_STATE_BEGIN|version=2|seq=706844|origin=0
[14:16:04][1936.07.24.24][effectbase.cpp:1783]: CODEX|date= 24:00, 24 7月, 1936|tag=GER|political_power=516.42|stability=0.81|war_support=0.47652|manpower_k=1340.767|civilian_factories=36|military_factories=28|dockyards=10|research_slots=4|researching_basic_machine_tools=0|researched_basic_machine_tools=1|researching_construction1=1|researched_construction1=0|researching_electronic_mechanical_engineering=0|researched_electronic_mechanical_engineering=1|focus_completed=1|focus_progress_lower=1|focus_progress_upper=1
[14:16:04][1936.07.24.24][effectbase.cpp:1783]: CODEX_STATE_END|seq=706844
[14:16:07][1936.07.25.24][effectbase.cpp:1783]: CODEX_STATE_BEGIN|version=2|seq=706845|origin=0
[14:16:07][1936.07.25.24][effectbase.cpp:1783]: CODEX|date= 24:00, 25 7月, 1936|tag=GER|political_power=518.744|stability=0.81|war_support=0.47648|manpower_k=1340.745|civilian_factories=36|military_factories=28|dockyards=10|research_slots=4|researching_basic_machine_tools=0|researched_basic_machine_tools=1|researching_construction1=1|researched_construction1=0|researching_electronic_mechanical_engineering=0|researched_electronic_mechanical_engineering=1|focus_completed=1|focus_progress_lower=1|focus_progress_upper=1
[14:16:07][1936.07.25.24][effectbase.cpp:1783]: CODEX_STATE_END|seq=706845
[14:16:10][1936.07.26.24][effectbase.cpp:1783]: CODEX_STATE_BEGIN|version=2|seq=706846|origin=0
[14:16:10][1936.07.26.24][effectbase.cpp:1783]: CODEX|date= 24:00, 26 7月, 1936|tag=GER|political_power=521.068|stability=0.81|war_support=0.47644|manpower_k=1340.701|civilian_factories=36|military_factories=28|dockyards=10|research_slots=4|researching_basic_machine_tools=0|researched_basic_machine_tools=1|researching_construction1=1|researched_construction1=0|researching_electronic_mechanical_engineering=0|researched_electronic_mechanical_engineering=1|focus_completed=1|focus_progress_lower=1|focus_progress_upper=1
[14:16:10][1936.07.26.24][effectbase.cpp:1783]: CODEX_STATE_END|seq=706846
[14:16:13][1936.07.27.24][effectbase.cpp:1783]: CODEX_STATE_BEGIN|version=2|seq=706847|origin=0
[14:16:13][1936.07.27.24][effectbase.cpp:1783]: CODEX|date= 24:00, 27 7月, 1936|tag=GER|political_power=523.392|stability=0.81|war_support=0.4764|manpower_k=1340.701|civilian_factories=36|military_factories=28|dockyards=10|research_slots=4|researching_basic_machine_tools=0|researched_basic_machine_tools=1|researching_construction1=1|researched_construction1=0|researching_electronic_mechanical_engineering=0|researched_electronic_mechanical_engineering=1|focus_completed=1|focus_progress_lower=1|focus_progress_upper=1
[14:16:13][1936.07.27.24][effectbase.cpp:1783]: CODEX_STATE_END|seq=706847
[14:16:15][1936.07.28.24][effectbase.cpp:1783]: CODEX_STATE_BEGIN|version=2|seq=706848|origin=0
[14:16:15][1936.07.28.24][effectbase.cpp:1783]: CODEX|date= 24:00, 28 7月, 1936|tag=GER|political_power=525.716|stability=0.81|war_support=0.47636|manpower_k=1340.701|civilian_factories=36|military_factories=28|dockyards=10|research_slots=4|researching_basic_machine_tools=0|researched_basic_machine_tools=1|researching_construction1=1|researched_construction1=0|researching_electronic_mechanical_engineering=0|researched_electronic_mechanical_engineering=1|focus_completed=1|focus_progress_lower=1|focus_progress_upper=1
[14:16:15][1936.07.28.24][effectbase.cpp:1783]: CODEX_STATE_END|seq=706848
[14:16:18][1936.07.29.24][effectbase.cpp:1783]: CODEX_STATE_BEGIN|version=2|seq=706849|origin=0
[14:16:18][1936.07.29.24][effectbase.cpp:1783]: CODEX|date= 24:00, 29 7月, 1936|tag=GER|political_power=528.04|stability=0.81|war_support=0.47632|manpower_k=1340.701|civilian_factories=36|military_factories=28|dockyards=10|research_slots=4|researching_basic_machine_tools=0|researched_basic_machine_tools=1|researching_construction1=1|researched_construction1=0|researching_electronic_mechanical_engineering=0|researched_electronic_mechanical_engineering=1|focus_completed=1|focus_progress_lower=1|focus_progress_upper=1
[14:16:18][1936.07.29.24][effectbase.cpp:1783]: CODEX_STATE_END|seq=706849
[14:16:21][1936.07.30.24][effectbase.cpp:1783]: CODEX_STATE_BEGIN|version=2|seq=706850|origin=0
[14:16:21][1936.07.30.24][effectbase.cpp:1783]: CODEX|date= 24:00, 30 7月, 1936|tag=GER|political_power=530.364|stability=0.81|war_support=0.47628|manpower_k=1340.701|civilian_factories=36|military_factories=28|dockyards=10|research_slots=4|researching_basic_machine_tools=0|researched_basic_machine_tools=1|researching_construction1=1|researched_construction1=0|researching_electronic_mechanical_engineering=0|researched_electronic_mechanical_engineering=1|focus_completed=1|focus_progress_lower=1|focus_progress_upper=1
[14:16:21][1936.07.30.24][effectbase.cpp:1783]: CODEX_STATE_END|seq=706850
[14:16:24][1936.07.31.24][effectbase.cpp:1783]: CODEX_STATE_BEGIN|version=2|seq=706851|origin=0
[14:16:24][1936.07.31.24][effectbase.cpp:1783]: CODEX|date= 24:00, 31 7月, 1936|tag=GER|political_power=532.688|stability=0.81|war_support=0.47624|manpower_k=1340.701|civilian_factories=36|military_factories=28|dockyards=10|research_slots=4|researching_basic_machine_tools=0|researched_basic_machine_tools=1|researching_construction1=1|researched_construction1=0|researching_electronic_mechanical_engineering=0|researched_electronic_mechanical_engineering=1|focus_completed=1|focus_progress_lower=1|focus_progress_upper=1
[14:16:24][1936.07.31.24][effectbase.cpp:1783]: CODEX_STATE_END|seq=706851
[14:16:27][1936.08.01.24][effectbase.cpp:1783]: CODEX_STATE_BEGIN|version=2|seq=706852|origin=0
[14:16:27][1936.08.01.24][effectbase.cpp:1783]: CODEX|date= 24:00, 1 8月, 1936|tag=GER|political_power=535.012|stability=0.81|war_support=0.4762|manpower_k=1342.767|civilian_factories=36|military_factories=28|dockyards=10|research_slots=4|researching_basic_machine_tools=0|researched_basic_machine_tools=1|researching_construction1=1|researched_construction1=0|researching_electronic_mechanical_engineering=0|researched_electronic_mechanical_engineering=1|focus_completed=1|focus_progress_lower=1|focus_progress_upper=1
[14:16:27][1936.08.01.24][effectbase.cpp:1783]: CODEX_STATE_END|seq=706852
[14:16:30][1936.08.02.24][effectbase.cpp:1783]: CODEX_STATE_BEGIN|version=2|seq=706853|origin=0
[14:16:30][1936.08.02.24][effectbase.cpp:1783]: CODEX|date= 24:00, 2 8月, 1936|tag=GER|political_power=537.336|stability=0.81|war_support=0.47616|manpower_k=1342.767|civilian_factories=36|military_factories=28|dockyards=10|research_slots=4|researching_basic_machine_tools=0|researched_basic_machine_tools=1|researching_construction1=1|researched_construction1=0|researching_electronic_mechanical_engineering=0|researched_electronic_mechanical_engineering=1|focus_completed=1|focus_progress_lower=1|focus_progress_upper=1
[14:16:30][1936.08.02.24][effectbase.cpp:1783]: CODEX_STATE_END|seq=706853
[14:16:33][1936.08.03.24][effectbase.cpp:1783]: CODEX_STATE_BEGIN|version=2|seq=706854|origin=0
[14:16:33][1936.08.03.24][effectbase.cpp:1783]: CODEX|date= 24:00, 3 8月, 1936|tag=GER|political_power=539.66|stability=0.81|war_support=0.47612|manpower_k=1342.723|civilian_factories=36|military_factories=28|dockyards=10|research_slots=4|researching_basic_machine_tools=0|researched_basic_machine_tools=1|researching_construction1=0|researched_construction1=1|researching_electronic_mechanical_engineering=0|researched_electronic_mechanical_engineering=1|focus_completed=1|focus_progress_lower=1|focus_progress_upper=1
[14:16:33][1936.08.03.24][effectbase.cpp:1783]: CODEX_STATE_END|seq=706854
[14:16:35][1936.08.04.24][effectbase.cpp:1783]: CODEX_STATE_BEGIN|version=2|seq=706855|origin=0
[14:16:35][1936.08.04.24][effectbase.cpp:1783]: CODEX|date= 24:00, 4 8月, 1936|tag=GER|political_power=541.984|stability=0.81|war_support=0.47608|manpower_k=1342.723|civilian_factories=36|military_factories=28|dockyards=10|research_slots=4|researching_basic_machine_tools=0|researched_basic_machine_tools=1|researching_construction1=0|researched_construction1=1|researching_electronic_mechanical_engineering=0|researched_electronic_mechanical_engineering=1|focus_completed=1|focus_progress_lower=1|focus_progress_upper=1
[14:16:35][1936.08.04.24][effectbase.cpp:1783]: CODEX_STATE_END|seq=706855
[14:16:38][1936.08.05.24][effectbase.cpp:1783]: CODEX_STATE_BEGIN|version=2|seq=706856|origin=0
[14:16:38][1936.08.05.24][effectbase.cpp:1783]: CODEX|date= 24:00, 5 8月, 1936|tag=GER|political_power=544.308|stability=0.81|war_support=0.47604|manpower_k=1342.723|civilian_factories=36|military_factories=28|dockyards=10|research_slots=4|researching_basic_machine_tools=0|researched_basic_machine_tools=1|researching_construction1=0|researched_construction1=1|researching_electronic_mechanical_engineering=0|researched_electronic_mechanical_engineering=1|focus_completed=1|focus_progress_lower=1|focus_progress_upper=1
[14:16:38][1936.08.05.24][effectbase.cpp:1783]: CODEX_STATE_END|seq=706856
[14:16:41][1936.08.06.24][effectbase.cpp:1783]: CODEX_STATE_BEGIN|version=2|seq=706857|origin=0
[14:16:41][1936.08.06.24][effectbase.cpp:1783]: CODEX|date= 24:00, 6 8月, 1936|tag=GER|political_power=546.632|stability=0.81|war_support=0.476|manpower_k=1342.523|civilian_factories=36|military_factories=28|dockyards=10|research_slots=4|researching_basic_machine_tools=0|researched_basic_machine_tools=1|researching_construction1=0|researched_construction1=1|researching_electronic_mechanical_engineering=0|researched_electronic_mechanical_engineering=1|focus_completed=1|focus_progress_lower=1|focus_progress_upper=1
[14:16:41][1936.08.06.24][effectbase.cpp:1783]: CODEX_STATE_END|seq=706857
[14:16:44][1936.08.07.24][effectbase.cpp:1783]: CODEX_STATE_BEGIN|version=2|seq=706858|origin=0
[14:16:44][1936.08.07.24][effectbase.cpp:1783]: CODEX|date= 24:00, 7 8月, 1936|tag=GER|political_power=548.956|stability=0.81|war_support=0.47596|manpower_k=1342.523|civilian_factories=36|military_factories=28|dockyards=10|research_slots=4|researching_basic_machine_tools=0|researched_basic_machine_tools=1|researching_construction1=0|researched_construction1=1|researching_electronic_mechanical_engineering=0|researched_electronic_mechanical_engineering=1|focus_completed=1|focus_progress_lower=1|focus_progress_upper=1
[14:16:44][1936.08.07.24][effectbase.cpp:1783]: CODEX_STATE_END|seq=706858
[14:16:47][1936.08.08.24][effectbase.cpp:1783]: CODEX_STATE_BEGIN|version=2|seq=706859|origin=0
[14:16:47][1936.08.08.24][effectbase.cpp:1783]: CODEX|date= 24:00, 8 8月, 1936|tag=GER|political_power=551.28|stability=0.81|war_support=0.47592|manpower_k=1342.523|civilian_factories=36|military_factories=28|dockyards=10|research_slots=4|researching_basic_machine_tools=0|researched_basic_machine_tools=1|researching_construction1=0|researched_construction1=1|researching_electronic_mechanical_engineering=0|researched_electronic_mechanical_engineering=1|focus_completed=1|focus_progress_lower=1|focus_progress_upper=1
[14:16:47][1936.08.08.24][effectbase.cpp:1783]: CODEX_STATE_END|seq=706859
[14:16:49][1936.08.09.24][effectbase.cpp:1783]: CODEX_STATE_BEGIN|version=2|seq=706860|origin=0
[14:16:49][1936.08.09.24][effectbase.cpp:1783]: CODEX|date= 24:00, 9 8月, 1936|tag=GER|political_power=553.604|stability=0.81|war_support=0.47588|manpower_k=1342.523|civilian_factories=36|military_factories=28|dockyards=10|research_slots=4|researching_basic_machine_tools=0|researched_basic_machine_tools=1|researching_construction1=0|researched_construction1=1|researching_electronic_mechanical_engineering=0|researched_electronic_mechanical_engineering=1|focus_completed=1|focus_progress_lower=1|focus_progress_upper=1
[14:16:49][1936.08.09.24][effectbase.cpp:1783]: CODEX_STATE_END|seq=706860
[14:16:52][1936.08.10.24][effectbase.cpp:1783]: CODEX_STATE_BEGIN|version=2|seq=706861|origin=0
[14:16:52][1936.08.10.24][effectbase.cpp:1783]: CODEX|date= 24:00, 10 8月, 1936|tag=GER|political_power=555.928|stability=0.81|war_support=0.47584|manpower_k=1342.523|civilian_factories=36|military_factories=28|dockyards=10|research_slots=4|researching_basic_machine_tools=0|researched_basic_machine_tools=1|researching_construction1=0|researched_construction1=1|researching_electronic_mechanical_engineering=0|researched_electronic_mechanical_engineering=1|focus_completed=1|focus_progress_lower=1|focus_progress_upper=1
[14:16:52][1936.08.10.24][effectbase.cpp:1783]: CODEX_STATE_END|seq=706861
[14:16:55][1936.08.11.24][effectbase.cpp:1783]: CODEX_STATE_BEGIN|version=2|seq=706862|origin=0
[14:16:55][1936.08.11.24][effectbase.cpp:1783]: CODEX|date= 24:00, 11 8月, 1936|tag=GER|political_power=558.252|stability=0.81|war_support=0.4758|manpower_k=1342.523|civilian_factories=36|military_factories=28|dockyards=10|research_slots=4|researching_basic_machine_tools=0|researched_basic_machine_tools=1|researching_construction1=0|researched_construction1=1|researching_electronic_mechanical_engineering=0|researched_electronic_mechanical_engineering=1|focus_completed=1|focus_progress_lower=1|focus_progress_upper=1
[14:16:55][1936.08.11.24][effectbase.cpp:1783]: CODEX_STATE_END|seq=706862
[14:16:58][1936.08.12.24][effectbase.cpp:1783]: CODEX_STATE_BEGIN|version=2|seq=706863|origin=0
[14:16:58][1936.08.12.24][effectbase.cpp:1783]: CODEX|date= 24:00, 12 8月, 1936|tag=GER|political_power=560.576|stability=0.81|war_support=0.47576|manpower_k=1342.501|civilian_factories=36|military_factories=28|dockyards=10|research_slots=4|researching_basic_machine_tools=0|researched_basic_machine_tools=1|researching_construction1=0|researched_construction1=1|researching_electronic_mechanical_engineering=0|researched_electronic_mechanical_engineering=1|focus_completed=1|focus_progress_lower=1|focus_progress_upper=1
[14:16:58][1936.08.12.24][effectbase.cpp:1783]: CODEX_STATE_END|seq=706863
[14:17:01][1936.08.13.24][effectbase.cpp:1783]: CODEX_STATE_BEGIN|version=2|seq=706864|origin=0
[14:17:01][1936.08.13.24][effectbase.cpp:1783]: CODEX|date= 24:00, 13 8月, 1936|tag=GER|political_power=562.9|stability=0.81|war_support=0.47572|manpower_k=1342.501|civilian_factories=36|military_factories=28|dockyards=10|research_slots=4|researching_basic_machine_tools=0|researched_basic_machine_tools=1|researching_construction1=0|researched_construction1=1|researching_electronic_mechanical_engineering=0|researched_electronic_mechanical_engineering=1|focus_completed=1|focus_progress_lower=1|focus_progress_upper=1
[14:17:01][1936.08.13.24][effectbase.cpp:1783]: CODEX_STATE_END|seq=706864
[14:17:03][1936.08.14.24][effectbase.cpp:1783]: CODEX_STATE_BEGIN|version=2|seq=706865|origin=0
[14:17:03][1936.08.14.24][effectbase.cpp:1783]: CODEX|date= 24:00, 14 8月, 1936|tag=GER|political_power=565.224|stability=0.81|war_support=0.47568|manpower_k=1342.501|civilian_factories=36|military_factories=28|dockyards=10|research_slots=4|researching_basic_machine_tools=0|researched_basic_machine_tools=1|researching_construction1=0|researched_construction1=1|researching_electronic_mechanical_engineering=0|researched_electronic_mechanical_engineering=1|focus_completed=1|focus_progress_lower=1|focus_progress_upper=1
[14:17:03][1936.08.14.24][effectbase.cpp:1783]: CODEX_STATE_END|seq=706865
[14:17:06][1936.08.15.24][effectbase.cpp:1783]: CODEX_STATE_BEGIN|version=2|seq=706866|origin=0
[14:17:06][1936.08.15.24][effectbase.cpp:1783]: CODEX|date= 24:00, 15 8月, 1936|tag=GER|political_power=567.548|stability=0.81|war_support=0.47564|manpower_k=1342.501|civilian_factories=36|military_factories=28|dockyards=10|research_slots=4|researching_basic_machine_tools=0|researched_basic_machine_tools=1|researching_construction1=0|researched_construction1=1|researching_electronic_mechanical_engineering=0|researched_electronic_mechanical_engineering=1|focus_completed=1|focus_progress_lower=1|focus_progress_upper=1
[14:17:06][1936.08.15.24][effectbase.cpp:1783]: CODEX_STATE_END|seq=706866
[14:17:09][1936.08.16.24][effectbase.cpp:1783]: CODEX_STATE_BEGIN|version=2|seq=706867|origin=0
[14:17:09][1936.08.16.24][effectbase.cpp:1783]: CODEX|date= 24:00, 16 8月, 1936|tag=GER|political_power=569.872|stability=0.81|war_support=0.4756|manpower_k=1342.501|civilian_factories=36|military_factories=28|dockyards=10|research_slots=4|researching_basic_machine_tools=0|researched_basic_machine_tools=1|researching_construction1=0|researched_construction1=1|researching_electronic_mechanical_engineering=0|researched_electronic_mechanical_engineering=1|focus_completed=1|focus_progress_lower=1|focus_progress_upper=1
[14:17:09][1936.08.16.24][effectbase.cpp:1783]: CODEX_STATE_END|seq=706867
[14:17:11][1936.08.17.13][effectbase.cpp:1532]: events/GOE_Raj.txt:1835: random_list: Enumerating effects:
[14:17:11][1936.08.17.13][effectbase.cpp:1552]: events/GOE_Raj.txt:1838: 10 SumSoFar=0
[14:17:11][1936.08.17.13][effectbase.cpp:1552]: events/GOE_Raj.txt:1852: 3 SumSoFar=10
[14:17:11][1936.08.17.13][effectbase.cpp:1552]: events/GOE_Raj.txt:1881: 10 SumSoFar=13
[14:17:11][1936.08.17.13][effectbase.cpp:1554]: events/GOE_Raj.txt:1835: random_list: Total=23.0000
[14:17:11][1936.08.17.13][effectbase.cpp:1580]: events/GOE_Raj.txt:1835: random_list: Rolled=15.0817
[14:17:11][1936.08.17.13][effectbase.cpp:1722]: events/GOE_Raj.txt:1835: random_list: Executing=events/GOE_Raj.txt:1881
[14:17:12][1936.08.17.24][effectbase.cpp:1783]: CODEX_STATE_BEGIN|version=2|seq=706868|origin=0
[14:17:12][1936.08.17.24][effectbase.cpp:1783]: CODEX|date= 24:00, 17 8月, 1936|tag=GER|political_power=572.196|stability=0.81|war_support=0.47556|manpower_k=1342.501|civilian_factories=36|military_factories=28|dockyards=10|research_slots=4|researching_basic_machine_tools=0|researched_basic_machine_tools=1|researching_construction1=0|researched_construction1=1|researching_electronic_mechanical_engineering=0|researched_electronic_mechanical_engineering=1|focus_completed=1|focus_progress_lower=1|focus_progress_upper=1
[14:17:12][1936.08.17.24][effectbase.cpp:1783]: CODEX_STATE_END|seq=706868
[14:17:15][1936.08.18.24][effectbase.cpp:1783]: CODEX_STATE_BEGIN|version=2|seq=706869|origin=0
[14:17:15][1936.08.18.24][effectbase.cpp:1783]: CODEX|date= 24:00, 18 8月, 1936|tag=GER|political_power=574.52|stability=0.81|war_support=0.47552|manpower_k=1342.501|civilian_factories=36|military_factories=28|dockyards=10|research_slots=4|researching_basic_machine_tools=0|researched_basic_machine_tools=1|researching_construction1=0|researched_construction1=1|researching_electronic_mechanical_engineering=0|researched_electronic_mechanical_engineering=1|focus_completed=1|focus_progress_lower=1|focus_progress_upper=1
[14:17:15][1936.08.18.24][effectbase.cpp:1783]: CODEX_STATE_END|seq=706869
[14:17:17][1936.08.19.24][effectbase.cpp:1783]: CODEX_STATE_BEGIN|version=2|seq=706870|origin=0
[14:17:17][1936.08.19.24][effectbase.cpp:1783]: CODEX|date= 24:00, 19 8月, 1936|tag=GER|political_power=576.844|stability=0.81|war_support=0.47548|manpower_k=1342.501|civilian_factories=36|military_factories=28|dockyards=10|research_slots=4|researching_basic_machine_tools=0|researched_basic_machine_tools=1|researching_construction1=0|researched_construction1=1|researching_electronic_mechanical_engineering=0|researched_electronic_mechanical_engineering=1|focus_completed=1|focus_progress_lower=1|focus_progress_upper=1
[14:17:17][1936.08.19.24][effectbase.cpp:1783]: CODEX_STATE_END|seq=706870
[14:17:20][1936.08.20.24][effectbase.cpp:1783]: CODEX_STATE_BEGIN|version=2|seq=706871|origin=0
[14:17:20][1936.08.20.24][effectbase.cpp:1783]: CODEX|date= 24:00, 20 8月, 1936|tag=GER|political_power=579.168|stability=0.81|war_support=0.47544|manpower_k=1342.435|civilian_factories=36|military_factories=28|dockyards=10|research_slots=4|researching_basic_machine_tools=0|researched_basic_machine_tools=1|researching_construction1=0|researched_construction1=1|researching_electronic_mechanical_engineering=0|researched_electronic_mechanical_engineering=1|focus_completed=1|focus_progress_lower=1|focus_progress_upper=1
[14:17:20][1936.08.20.24][effectbase.cpp:1783]: CODEX_STATE_END|seq=706871
[14:17:23][1936.08.21.24][effectbase.cpp:1783]: CODEX_STATE_BEGIN|version=2|seq=706872|origin=0
[14:17:23][1936.08.21.24][effectbase.cpp:1783]: CODEX|date= 24:00, 21 8月, 1936|tag=GER|political_power=581.492|stability=0.81|war_support=0.4754|manpower_k=1342.235|civilian_factories=36|military_factories=28|dockyards=10|research_slots=4|researching_basic_machine_tools=0|researched_basic_machine_tools=1|researching_construction1=0|researched_construction1=1|researching_electronic_mechanical_engineering=0|researched_electronic_mechanical_engineering=1|focus_completed=1|focus_progress_lower=1|focus_progress_upper=1
[14:17:23][1936.08.21.24][effectbase.cpp:1783]: CODEX_STATE_END|seq=706872
[14:17:26][1936.08.22.24][effectbase.cpp:1783]: CODEX_STATE_BEGIN|version=2|seq=706873|origin=0
[14:17:26][1936.08.22.24][effectbase.cpp:1783]: CODEX|date= 24:00, 22 8月, 1936|tag=GER|political_power=583.816|stability=0.81|war_support=0.47536|manpower_k=1342.235|civilian_factories=36|military_factories=28|dockyards=10|research_slots=4|researching_basic_machine_tools=0|researched_basic_machine_tools=1|researching_construction1=0|researched_construction1=1|researching_electronic_mechanical_engineering=0|researched_electronic_mechanical_engineering=1|focus_completed=1|focus_progress_lower=1|focus_progress_upper=1
[14:17:26][1936.08.22.24][effectbase.cpp:1783]: CODEX_STATE_END|seq=706873
[14:17:29][1936.08.23.24][effectbase.cpp:1783]: CODEX_STATE_BEGIN|version=2|seq=706874|origin=0
[14:17:29][1936.08.23.24][effectbase.cpp:1783]: CODEX|date= 24:00, 23 8月, 1936|tag=GER|political_power=586.14|stability=0.81|war_support=0.47532|manpower_k=1342.235|civilian_factories=36|military_factories=28|dockyards=10|research_slots=4|researching_basic_machine_tools=0|researched_basic_machine_tools=1|researching_construction1=0|researched_construction1=1|researching_electronic_mechanical_engineering=0|researched_electronic_mechanical_engineering=1|focus_completed=1|focus_progress_lower=1|focus_progress_upper=1
[14:17:29][1936.08.23.24][effectbase.cpp:1783]: CODEX_STATE_END|seq=706874
[14:17:31][1936.08.24.24][effectbase.cpp:1783]: CODEX_STATE_BEGIN|version=2|seq=706875|origin=0
[14:17:31][1936.08.24.24][effectbase.cpp:1783]: CODEX|date= 24:00, 24 8月, 1936|tag=GER|political_power=588.464|stability=0.81|war_support=0.47528|manpower_k=1342.235|civilian_factories=36|military_factories=28|dockyards=10|research_slots=4|researching_basic_machine_tools=0|researched_basic_machine_tools=1|researching_construction1=0|researched_construction1=1|researching_electronic_mechanical_engineering=0|researched_electronic_mechanical_engineering=1|focus_completed=1|focus_progress_lower=1|focus_progress_upper=1
[14:17:31][1936.08.24.24][effectbase.cpp:1783]: CODEX_STATE_END|seq=706875
[14:17:34][1936.08.25.24][effectbase.cpp:1783]: CODEX_STATE_BEGIN|version=2|seq=706876|origin=0
[14:17:34][1936.08.25.24][effectbase.cpp:1783]: CODEX|date= 24:00, 25 8月, 1936|tag=GER|political_power=590.788|stability=0.81|war_support=0.47524|manpower_k=1342.235|civilian_factories=36|military_factories=28|dockyards=10|research_slots=4|researching_basic_machine_tools=0|researched_basic_machine_tools=1|researching_construction1=0|researched_construction1=1|researching_electronic_mechanical_engineering=0|researched_electronic_mechanical_engineering=1|focus_completed=1|focus_progress_lower=1|focus_progress_upper=1
[14:17:34][1936.08.25.24][effectbase.cpp:1783]: CODEX_STATE_END|seq=706876
[14:17:37][1936.08.26.24][effectbase.cpp:1783]: CODEX_STATE_BEGIN|version=2|seq=706877|origin=0
[14:17:37][1936.08.26.24][effectbase.cpp:1783]: CODEX|date= 24:00, 26 8月, 1936|tag=GER|political_power=593.112|stability=0.81|war_support=0.4752|manpower_k=1342.235|civilian_factories=36|military_factories=28|dockyards=10|research_slots=4|researching_basic_machine_tools=0|researched_basic_machine_tools=1|researching_construction1=0|researched_construction1=1|researching_electronic_mechanical_engineering=0|researched_electronic_mechanical_engineering=1|focus_completed=1|focus_progress_lower=1|focus_progress_upper=1
[14:17:37][1936.08.26.24][effectbase.cpp:1783]: CODEX_STATE_END|seq=706877
[14:17:40][1936.08.27.24][effectbase.cpp:1783]: CODEX_STATE_BEGIN|version=2|seq=706878|origin=0
[14:17:40][1936.08.27.24][effectbase.cpp:1783]: CODEX|date= 24:00, 27 8月, 1936|tag=GER|political_power=595.436|stability=0.81|war_support=0.47516|manpower_k=1342.235|civilian_factories=36|military_factories=28|dockyards=10|research_slots=4|researching_basic_machine_tools=0|researched_basic_machine_tools=1|researching_construction1=0|researched_construction1=1|researching_electronic_mechanical_engineering=0|researched_electronic_mechanical_engineering=1|focus_completed=1|focus_progress_lower=1|focus_progress_upper=1
[14:17:40][1936.08.27.24][effectbase.cpp:1783]: CODEX_STATE_END|seq=706878
[14:17:43][1936.08.28.24][effectbase.cpp:1783]: CODEX_STATE_BEGIN|version=2|seq=706879|origin=0
[14:17:43][1936.08.28.24][effectbase.cpp:1783]: CODEX|date= 24:00, 28 8月, 1936|tag=GER|political_power=597.76|stability=0.81|war_support=0.47512|manpower_k=1342.235|civilian_factories=36|military_factories=28|dockyards=10|research_slots=4|researching_basic_machine_tools=0|researched_basic_machine_tools=1|researching_construction1=0|researched_construction1=1|researching_electronic_mechanical_engineering=0|researched_electronic_mechanical_engineering=1|focus_completed=1|focus_progress_lower=1|focus_progress_upper=1
[14:17:43][1936.08.28.24][effectbase.cpp:1783]: CODEX_STATE_END|seq=706879
[14:17:45][1936.08.29.24][effectbase.cpp:1783]: CODEX_STATE_BEGIN|version=2|seq=706880|origin=0
[14:17:45][1936.08.29.24][effectbase.cpp:1783]: CODEX|date= 24:00, 29 8月, 1936|tag=GER|political_power=600.084|stability=0.81|war_support=0.47508|manpower_k=1342.213|civilian_factories=36|military_factories=28|dockyards=10|research_slots=4|researching_basic_machine_tools=0|researched_basic_machine_tools=1|researching_construction1=0|researched_construction1=1|researching_electronic_mechanical_engineering=0|researched_electronic_mechanical_engineering=1|focus_completed=1|focus_progress_lower=1|focus_progress_upper=1
[14:17:45][1936.08.29.24][effectbase.cpp:1783]: CODEX_STATE_END|seq=706880
[14:17:48][1936.08.30.24][effectbase.cpp:1783]: CODEX_STATE_BEGIN|version=2|seq=706881|origin=0
[14:17:48][1936.08.30.24][effectbase.cpp:1783]: CODEX|date= 24:00, 30 8月, 1936|tag=GER|political_power=602.408|stability=0.81|war_support=0.47504|manpower_k=1342.213|civilian_factories=36|military_factories=28|dockyards=10|research_slots=4|researching_basic_machine_tools=0|researched_basic_machine_tools=1|researching_construction1=0|researched_construction1=1|researching_electronic_mechanical_engineering=0|researched_electronic_mechanical_engineering=1|focus_completed=1|focus_progress_lower=1|focus_progress_upper=1
[14:17:48][1936.08.30.24][effectbase.cpp:1783]: CODEX_STATE_END|seq=706881
[14:17:51][1936.08.31.24][effectbase.cpp:1783]: CODEX_STATE_BEGIN|version=2|seq=706882|origin=0
[14:17:51][1936.08.31.24][effectbase.cpp:1783]: CODEX|date= 24:00, 31 8月, 1936|tag=GER|political_power=604.732|stability=0.81|war_support=0.475|manpower_k=1342.213|civilian_factories=36|military_factories=28|dockyards=10|research_slots=4|researching_basic_machine_tools=0|researched_basic_machine_tools=1|researching_construction1=0|researched_construction1=1|researching_electronic_mechanical_engineering=0|researched_electronic_mechanical_engineering=1|focus_completed=1|focus_progress_lower=1|focus_progress_upper=1
[14:17:51][1936.08.31.24][effectbase.cpp:1783]: CODEX_STATE_END|seq=706882
[14:17:54][1936.09.01.24][effectbase.cpp:1783]: CODEX_STATE_BEGIN|version=2|seq=706883|origin=0
[14:17:54][1936.09.01.24][effectbase.cpp:1783]: CODEX|date= 24:00, 1 9月, 1936|tag=GER|political_power=607.056|stability=0.81|war_support=0.47496|manpower_k=1344.282|civilian_factories=36|military_factories=28|dockyards=10|research_slots=4|researching_basic_machine_tools=0|researched_basic_machine_tools=1|researching_construction1=0|researched_construction1=1|researching_electronic_mechanical_engineering=0|researched_electronic_mechanical_engineering=1|focus_completed=1|focus_progress_lower=1|focus_progress_upper=1
[14:17:54][1936.09.01.24][effectbase.cpp:1783]: CODEX_STATE_END|seq=706883
[14:24:31][1936.01.01.24][effectbase.cpp:1783]: CODEX_STATE_BEGIN|version=2|seq=706640|origin=0
[14:24:31][1936.01.01.24][effectbase.cpp:1783]: CODEX|date= 24:00, 1 1月, 1936|tag=GER|political_power=1.324|stability=0.81|war_support=0.35|manpower_k=1332.62|civilian_factories=35|military_factories=28|dockyards=10|research_slots=4|researching_basic_machine_tools=1|researched_basic_machine_tools=0|researching_construction1=1|researched_construction1=0|researching_electronic_mechanical_engineering=1|researched_electronic_mechanical_engineering=0|focus_completed=0|focus_progress_lower=0|focus_progress_upper=0.1
[14:24:31][1936.01.01.24][effectbase.cpp:1783]: CODEX_STATE_END|seq=706640
[14:24:48][1936.01.02.24][effectbase.cpp:1783]: CODEX_STATE_BEGIN|version=2|seq=706641|origin=0
[14:24:48][1936.01.02.24][effectbase.cpp:1783]: CODEX|date= 24:00, 2 1月, 1936|tag=GER|political_power=2.648|stability=0.81|war_support=0.35|manpower_k=1332.62|civilian_factories=35|military_factories=28|dockyards=10|research_slots=4|researching_basic_machine_tools=1|researched_basic_machine_tools=0|researching_construction1=1|researched_construction1=0|researching_electronic_mechanical_engineering=1|researched_electronic_mechanical_engineering=0|focus_completed=0|focus_progress_lower=0|focus_progress_upper=0.1
[14:24:48][1936.01.02.24][effectbase.cpp:1783]: CODEX_STATE_END|seq=706641
[14:25:00][1936.01.03.24][effectbase.cpp:1783]: CODEX_STATE_BEGIN|version=2|seq=706642|origin=0
[14:25:00][1936.01.03.24][effectbase.cpp:1783]: CODEX|date= 24:00, 3 1月, 1936|tag=GER|political_power=3.972|stability=0.81|war_support=0.35|manpower_k=1332.62|civilian_factories=35|military_factories=28|dockyards=10|research_slots=4|researching_basic_machine_tools=1|researched_basic_machine_tools=0|researching_construction1=1|researched_construction1=0|researching_electronic_mechanical_engineering=1|researched_electronic_mechanical_engineering=0|focus_completed=0|focus_progress_lower=0|focus_progress_upper=0.1
[14:25:00][1936.01.03.24][effectbase.cpp:1783]: CODEX_STATE_END|seq=706642
[14:25:12][1936.01.04.24][effectbase.cpp:1783]: CODEX_STATE_BEGIN|version=2|seq=706643|origin=0
[14:25:12][1936.01.04.24][effectbase.cpp:1783]: CODEX|date= 24:00, 4 1月, 1936|tag=GER|political_power=5.296|stability=0.81|war_support=0.35|manpower_k=1332.62|civilian_factories=35|military_factories=28|dockyards=10|research_slots=4|researching_basic_machine_tools=1|researched_basic_machine_tools=0|researching_construction1=1|researched_construction1=0|researching_electronic_mechanical_engineering=1|researched_electronic_mechanical_engineering=0|focus_completed=0|focus_progress_lower=0.1|focus_progress_upper=0.2
[14:25:12][1936.01.04.24][effectbase.cpp:1783]: CODEX_STATE_END|seq=706643
[14:25:25][1936.01.05.24][effectbase.cpp:1783]: CODEX_STATE_BEGIN|version=2|seq=706644|origin=0
[14:25:25][1936.01.05.24][effectbase.cpp:1783]: CODEX|date= 24:00, 5 1月, 1936|tag=GER|political_power=6.62|stability=0.81|war_support=0.35|manpower_k=1332.62|civilian_factories=35|military_factories=28|dockyards=10|research_slots=4|researching_basic_machine_tools=1|researched_basic_machine_tools=0|researching_construction1=1|researched_construction1=0|researching_electronic_mechanical_engineering=1|researched_electronic_mechanical_engineering=0|focus_completed=0|focus_progress_lower=0.1|focus_progress_upper=0.2
[14:25:25][1936.01.05.24][effectbase.cpp:1783]: CODEX_STATE_END|seq=706644
[14:25:37][1936.01.06.24][effectbase.cpp:1783]: CODEX_STATE_BEGIN|version=2|seq=706645|origin=0
[14:25:37][1936.01.06.24][effectbase.cpp:1783]: CODEX|date= 24:00, 6 1月, 1936|tag=GER|political_power=7.944|stability=0.81|war_support=0.35|manpower_k=1332.62|civilian_factories=35|military_factories=28|dockyards=10|research_slots=4|researching_basic_machine_tools=1|researched_basic_machine_tools=0|researching_construction1=1|researched_construction1=0|researching_electronic_mechanical_engineering=1|researched_electronic_mechanical_engineering=0|focus_completed=0|focus_progress_lower=0.1|focus_progress_upper=0.2
[14:25:37][1936.01.06.24][effectbase.cpp:1783]: CODEX_STATE_END|seq=706645
[14:25:50][1936.01.07.24][effectbase.cpp:1783]: CODEX_STATE_BEGIN|version=2|seq=706646|origin=0
[14:25:50][1936.01.07.24][effectbase.cpp:1783]: CODEX|date= 24:00, 7 1月, 1936|tag=GER|political_power=9.268|stability=0.81|war_support=0.35|manpower_k=1332.62|civilian_factories=35|military_factories=28|dockyards=10|research_slots=4|researching_basic_machine_tools=1|researched_basic_machine_tools=0|researching_construction1=1|researched_construction1=0|researching_electronic_mechanical_engineering=1|researched_electronic_mechanical_engineering=0|focus_completed=0|focus_progress_lower=0.2|focus_progress_upper=0.3
[14:25:50][1936.01.07.24][effectbase.cpp:1783]: CODEX_STATE_END|seq=706646
[14:26:02][1936.01.08.24][effectbase.cpp:1783]: CODEX_STATE_BEGIN|version=2|seq=706647|origin=0
[14:26:02][1936.01.08.24][effectbase.cpp:1783]: CODEX|date= 24:00, 8 1月, 1936|tag=GER|political_power=10.592|stability=0.81|war_support=0.35|manpower_k=1332.62|civilian_factories=35|military_factories=28|dockyards=10|research_slots=4|researching_basic_machine_tools=1|researched_basic_machine_tools=0|researching_construction1=1|researched_construction1=0|researching_electronic_mechanical_engineering=1|researched_electronic_mechanical_engineering=0|focus_completed=0|focus_progress_lower=0.2|focus_progress_upper=0.3
[14:26:02][1936.01.08.24][effectbase.cpp:1783]: CODEX_STATE_END|seq=706647
[14:26:15][1936.01.09.24][effectbase.cpp:1783]: CODEX_STATE_BEGIN|version=2|seq=706648|origin=0
[14:26:15][1936.01.09.24][effectbase.cpp:1783]: CODEX|date= 24:00, 9 1月, 1936|tag=GER|political_power=11.916|stability=0.81|war_support=0.35|manpower_k=1332.576|civilian_factories=35|military_factories=28|dockyards=10|research_slots=4|researching_basic_machine_tools=1|researched_basic_machine_tools=0|researching_construction1=1|researched_construction1=0|researching_electronic_mechanical_engineering=1|researched_electronic_mechanical_engineering=0|focus_completed=0|focus_progress_lower=0.2|focus_progress_upper=0.3
[14:26:15][1936.01.09.24][effectbase.cpp:1783]: CODEX_STATE_END|seq=706648
[14:26:27][1936.01.10.24][effectbase.cpp:1783]: CODEX_STATE_BEGIN|version=2|seq=706649|origin=0
[14:26:27][1936.01.10.24][effectbase.cpp:1783]: CODEX|date= 24:00, 10 1月, 1936|tag=GER|political_power=13.24|stability=0.81|war_support=0.35|manpower_k=1332.576|civilian_factories=35|military_factories=28|dockyards=10|research_slots=4|researching_basic_machine_tools=1|researched_basic_machine_tools=0|researching_construction1=1|researched_construction1=0|researching_electronic_mechanical_engineering=1|researched_electronic_mechanical_engineering=0|focus_completed=0|focus_progress_lower=0.2|focus_progress_upper=0.3
[14:26:27][1936.01.10.24][effectbase.cpp:1783]: CODEX_STATE_END|seq=706649
[14:26:40][1936.01.11.24][effectbase.cpp:1783]: CODEX_STATE_BEGIN|version=2|seq=706650|origin=0
[14:26:40][1936.01.11.24][effectbase.cpp:1783]: CODEX|date= 24:00, 11 1月, 1936|tag=GER|political_power=14.564|stability=0.81|war_support=0.35|manpower_k=1332.576|civilian_factories=35|military_factories=28|dockyards=10|research_slots=4|researching_basic_machine_tools=1|researched_basic_machine_tools=0|researching_construction1=1|researched_construction1=0|researching_electronic_mechanical_engineering=1|researched_electronic_mechanical_engineering=0|focus_completed=0|focus_progress_lower=0.3|focus_progress_upper=0.4
[14:26:40][1936.01.11.24][effectbase.cpp:1783]: CODEX_STATE_END|seq=706650
[14:26:52][1936.01.12.24][effectbase.cpp:1783]: CODEX_STATE_BEGIN|version=2|seq=706651|origin=0
[14:26:52][1936.01.12.24][effectbase.cpp:1783]: CODEX|date= 24:00, 12 1月, 1936|tag=GER|political_power=15.888|stability=0.81|war_support=0.35|manpower_k=1332.576|civilian_factories=35|military_factories=28|dockyards=10|research_slots=4|researching_basic_machine_tools=1|researched_basic_machine_tools=0|researching_construction1=1|researched_construction1=0|researching_electronic_mechanical_engineering=1|researched_electronic_mechanical_engineering=0|focus_completed=0|focus_progress_lower=0.3|focus_progress_upper=0.4
[14:26:52][1936.01.12.24][effectbase.cpp:1783]: CODEX_STATE_END|seq=706651
[14:27:05][1936.01.13.24][effectbase.cpp:1783]: CODEX_STATE_BEGIN|version=2|seq=706652|origin=0
[14:27:05][1936.01.13.24][effectbase.cpp:1783]: CODEX|date= 24:00, 13 1月, 1936|tag=GER|political_power=17.212|stability=0.81|war_support=0.35|manpower_k=1332.576|civilian_factories=35|military_factories=28|dockyards=10|research_slots=4|researching_basic_machine_tools=1|researched_basic_machine_tools=0|researching_construction1=1|researched_construction1=0|researching_electronic_mechanical_engineering=1|researched_electronic_mechanical_engineering=0|focus_completed=0|focus_progress_lower=0.3|focus_progress_upper=0.4
[14:27:05][1936.01.13.24][effectbase.cpp:1783]: CODEX_STATE_END|seq=706652
[14:27:17][1936.01.14.24][effectbase.cpp:1783]: CODEX_STATE_BEGIN|version=2|seq=706653|origin=0
[14:27:17][1936.01.14.24][effectbase.cpp:1783]: CODEX|date= 24:00, 14 1月, 1936|tag=GER|political_power=18.536|stability=0.81|war_support=0.35|manpower_k=1332.576|civilian_factories=35|military_factories=28|dockyards=10|research_slots=4|researching_basic_machine_tools=1|researched_basic_machine_tools=0|researching_construction1=1|researched_construction1=0|researching_electronic_mechanical_engineering=1|researched_electronic_mechanical_engineering=0|focus_completed=0|focus_progress_lower=0.4|focus_progress_upper=0.5
[14:27:17][1936.01.14.24][effectbase.cpp:1783]: CODEX_STATE_END|seq=706653
[14:27:30][1936.01.15.24][effectbase.cpp:1783]: CODEX_STATE_BEGIN|version=2|seq=706654|origin=0
[14:27:30][1936.01.15.24][effectbase.cpp:1783]: CODEX|date= 24:00, 15 1月, 1936|tag=GER|political_power=19.86|stability=0.81|war_support=0.35|manpower_k=1332.576|civilian_factories=35|military_factories=28|dockyards=10|research_slots=4|researching_basic_machine_tools=1|researched_basic_machine_tools=0|researching_construction1=1|researched_construction1=0|researching_electronic_mechanical_engineering=1|researched_electronic_mechanical_engineering=0|focus_completed=0|focus_progress_lower=0.4|focus_progress_upper=0.5
[14:27:30][1936.01.15.24][effectbase.cpp:1783]: CODEX_STATE_END|seq=706654
[14:27:42][1936.01.16.24][effectbase.cpp:1783]: CODEX_STATE_BEGIN|version=2|seq=706655|origin=0
[14:27:42][1936.01.16.24][effectbase.cpp:1783]: CODEX|date= 24:00, 16 1月, 1936|tag=GER|political_power=21.184|stability=0.81|war_support=0.35|manpower_k=1332.576|civilian_factories=35|military_factories=28|dockyards=10|research_slots=4|researching_basic_machine_tools=1|researched_basic_machine_tools=0|researching_construction1=1|researched_construction1=0|researching_electronic_mechanical_engineering=1|researched_electronic_mechanical_engineering=0|focus_completed=0|focus_progress_lower=0.4|focus_progress_upper=0.5
[14:27:42][1936.01.16.24][effectbase.cpp:1783]: CODEX_STATE_END|seq=706655
[14:27:55][1936.01.17.24][effectbase.cpp:1783]: CODEX_STATE_BEGIN|version=2|seq=706656|origin=0
[14:27:55][1936.01.17.24][effectbase.cpp:1783]: CODEX|date= 24:00, 17 1月, 1936|tag=GER|political_power=22.508|stability=0.81|war_support=0.35|manpower_k=1332.576|civilian_factories=35|military_factories=28|dockyards=10|research_slots=4|researching_basic_machine_tools=1|researched_basic_machine_tools=0|researching_construction1=1|researched_construction1=0|researching_electronic_mechanical_engineering=1|researched_electronic_mechanical_engineering=0|focus_completed=0|focus_progress_lower=0.4|focus_progress_upper=0.5
[14:27:55][1936.01.17.24][effectbase.cpp:1783]: CODEX_STATE_END|seq=706656
[14:28:07][1936.01.18.24][effectbase.cpp:1783]: CODEX_STATE_BEGIN|version=2|seq=706657|origin=0
[14:28:07][1936.01.18.24][effectbase.cpp:1783]: CODEX|date= 24:00, 18 1月, 1936|tag=GER|political_power=23.832|stability=0.81|war_support=0.35|manpower_k=1332.554|civilian_factories=35|military_factories=28|dockyards=10|research_slots=4|researching_basic_machine_tools=1|researched_basic_machine_tools=0|researching_construction1=1|researched_construction1=0|researching_electronic_mechanical_engineering=1|researched_electronic_mechanical_engineering=0|focus_completed=0|focus_progress_lower=0.5|focus_progress_upper=0.6
[14:28:07][1936.01.18.24][effectbase.cpp:1783]: CODEX_STATE_END|seq=706657
[14:28:20][1936.01.19.24][effectbase.cpp:1783]: CODEX_STATE_BEGIN|version=2|seq=706658|origin=0
[14:28:20][1936.01.19.24][effectbase.cpp:1783]: CODEX|date= 24:00, 19 1月, 1936|tag=GER|political_power=25.156|stability=0.81|war_support=0.35|manpower_k=1332.554|civilian_factories=35|military_factories=28|dockyards=10|research_slots=4|researching_basic_machine_tools=1|researched_basic_machine_tools=0|researching_construction1=1|researched_construction1=0|researching_electronic_mechanical_engineering=1|researched_electronic_mechanical_engineering=0|focus_completed=0|focus_progress_lower=0.5|focus_progress_upper=0.6
[14:28:20][1936.01.19.24][effectbase.cpp:1783]: CODEX_STATE_END|seq=706658
[14:28:32][1936.01.20.24][effectbase.cpp:1783]: CODEX_STATE_BEGIN|version=2|seq=706659|origin=0
[14:28:32][1936.01.20.24][effectbase.cpp:1783]: CODEX|date= 24:00, 20 1月, 1936|tag=GER|political_power=26.48|stability=0.81|war_support=0.35|manpower_k=1332.532|civilian_factories=35|military_factories=28|dockyards=10|research_slots=4|researching_basic_machine_tools=1|researched_basic_machine_tools=0|researching_construction1=1|researched_construction1=0|researching_electronic_mechanical_engineering=1|researched_electronic_mechanical_engineering=0|focus_completed=0|focus_progress_lower=0.5|focus_progress_upper=0.6
[14:28:32][1936.01.20.24][effectbase.cpp:1783]: CODEX_STATE_END|seq=706659
[14:28:45][1936.01.21.24][effectbase.cpp:1783]: CODEX_STATE_BEGIN|version=2|seq=706660|origin=0
[14:28:45][1936.01.21.24][effectbase.cpp:1783]: CODEX|date= 24:00, 21 1月, 1936|tag=GER|political_power=27.804|stability=0.81|war_support=0.35|manpower_k=1332.532|civilian_factories=35|military_factories=28|dockyards=10|research_slots=4|researching_basic_machine_tools=1|researched_basic_machine_tools=0|researching_construction1=1|researched_construction1=0|researching_electronic_mechanical_engineering=1|researched_electronic_mechanical_engineering=0|focus_completed=0|focus_progress_lower=0.6|focus_progress_upper=0.7
[14:28:45][1936.01.21.24][effectbase.cpp:1783]: CODEX_STATE_END|seq=706660
